dataset,panel_status,source,seed,fold,split_kind,method,implementation_source,n_samples,n_features,n_classes,k,selected,balanced_accuracy,macro_f1,accuracy,selector_fit_seconds,error,n_raw_features,n_encoded_features,openml_dataset_id,source_file
iris,development_reused,scikit-learn bundled dataset,0,0,stratified,GSR-FS,native_or_local,150,4.0,3,2,"3,0",0.9595588235294118,0.9595588235294118,0.96,0.0208161150003434,,,,,
iris,development_reused,scikit-learn bundled dataset,0,0,stratified,MaxVariance,native_or_local,150,4.0,3,2,"2,0",0.9607843137254902,0.9595588235294118,0.96,9.88849988061702e-05,,,,,
iris,development_reused,scikit-learn bundled dataset,0,0,stratified,LaplacianScore-scikit-feature,scikit-feature:similarity_based/lap_score.py+upstream_default_W_workaround,150,4.0,3,2,"3,2",0.9595588235294118,0.9595588235294118,0.96,0.0063447240008827,,,,,
iris,development_reused,scikit-learn bundled dataset,0,0,stratified,SPEC-scikit-feature,scikit-feature:similarity_based/SPEC.py,150,4.0,3,2,"1,0",0.7769607843137255,0.7769585253456222,0.78,0.0191964969999389,,,,,
iris,development_reused,scikit-learn bundled dataset,0,0,stratified,MCFS-scikit-feature-k5,scikit-feature:sparse_learning_based/MCFS.py,150,4.0,3,2,"3,2",0.9595588235294118,0.9595588235294118,0.96,0.0161944249994121,,,,,
iris,development_reused,scikit-learn bundled dataset,0,1,stratified,GSR-FS,native_or_local,150,4.0,3,2,"2,3",0.9595588235294118,0.9595588235294118,0.96,0.008797060998404,,,,,
iris,development_reused,scikit-learn bundled dataset,0,1,stratified,MaxVariance,native_or_local,150,4.0,3,2,"2,0",0.9387254901960784,0.9391705069124424,0.94,0.0002097719989251,,,,,
iris,development_reused,scikit-learn bundled dataset,0,1,stratified,LaplacianScore-scikit-feature,scikit-feature:similarity_based/lap_score.py+upstream_default_W_workaround,150,4.0,3,2,"3,2",0.9595588235294118,0.9595588235294118,0.96,0.0021454279994941,,,,,
iris,development_reused,scikit-learn bundled dataset,0,1,stratified,SPEC-scikit-feature,scikit-feature:similarity_based/SPEC.py,150,4.0,3,2,"1,0",0.7965686274509803,0.7977067977067976,0.8,0.003406638999877,,,,,
iris,development_reused,scikit-learn bundled dataset,0,1,stratified,MCFS-scikit-feature-k5,scikit-feature:sparse_learning_based/MCFS.py,150,4.0,3,2,"3,1",0.920343137254902,0.9203802733214498,0.92,0.0370107399994594,,,,,
iris,development_reused,scikit-learn bundled dataset,0,2,stratified,GSR-FS,native_or_local,150,4.0,3,2,"2,3",0.9607843137254902,0.9606481481481484,0.96,0.0124370289995567,,,,,
iris,development_reused,scikit-learn bundled dataset,0,2,stratified,MaxVariance,native_or_local,150,4.0,3,2,"2,0",0.8823529411764706,0.8799019607843137,0.88,7.35769990569679e-05,,,,,
iris,development_reused,scikit-learn bundled dataset,0,2,stratified,LaplacianScore-scikit-feature,scikit-feature:similarity_based/lap_score.py+upstream_default_W_workaround,150,4.0,3,2,"2,3",0.9607843137254902,0.9606481481481484,0.96,0.0019551940004021,,,,,
iris,development_reused,scikit-learn bundled dataset,0,2,stratified,SPEC-scikit-feature,scikit-feature:similarity_based/SPEC.py,150,4.0,3,2,"1,0",0.823529411764706,0.8233766233766234,0.82,0.0042931329990096,,,,,
iris,development_reused,scikit-learn bundled dataset,0,2,stratified,MCFS-scikit-feature-k5,scikit-feature:sparse_learning_based/MCFS.py,150,4.0,3,2,"3,0",0.9411764705882352,0.940494227994228,0.94,0.0302236560000892,,,,,
wine,development_reused,scikit-learn bundled dataset,0,0,stratified,GSR-FS,native_or_local,178,13.0,3,4,"6,10,11,5",0.8055555555555555,0.7946649662575057,0.7833333333333333,0.0734010199994372,,,,,
wine,development_reused,scikit-learn bundled dataset,0,0,stratified,MaxVariance,native_or_local,178,13.0,3,4,"12,4,3,9",0.8666666666666667,0.8716735594154948,0.8666666666666667,8.41390010464238e-05,,,,,
wine,development_reused,scikit-learn bundled dataset,0,0,stratified,LaplacianScore-scikit-feature,scikit-feature:similarity_based/lap_score.py+upstream_default_W_workaround,178,13.0,3,4,"12,3,0,6",0.9208333333333334,0.9193154298564262,0.9166666666666666,0.0021650420003425,,,,,
wine,development_reused,scikit-learn bundled dataset,0,0,stratified,SPEC-scikit-feature,scikit-feature:similarity_based/SPEC.py,178,13.0,3,4,"0,11,9,3",0.9347222222222222,0.9347222222222222,0.9333333333333332,0.0786417570016055,,,,,
wine,development_reused,scikit-learn bundled dataset,0,0,stratified,MCFS-scikit-feature-k5,scikit-feature:sparse_learning_based/MCFS.py,178,13.0,3,4,"12,4,3,9",0.8666666666666667,0.8716735594154948,0.8666666666666667,0.1467214409985899,,,,,
wine,development_reused,scikit-learn bundled dataset,0,1,stratified,GSR-FS,native_or_local,178,13.0,3,4,"6,11,10,5",0.8652173913043478,0.8601626016260163,0.847457627118644,0.0853614789994026,,,,,
wine,development_reused,scikit-learn bundled dataset,0,1,stratified,MaxVariance,native_or_local,178,13.0,3,4,"12,4,3,9",0.9293478260869564,0.9293478260869564,0.9322033898305084,0.0001016660007735,,,,,
wine,development_reused,scikit-learn bundled dataset,0,1,stratified,LaplacianScore-scikit-feature,scikit-feature:similarity_based/lap_score.py+upstream_default_W_workaround,178,13.0,3,4,"12,6,9,3",0.9356884057971014,0.9356884675714384,0.9322033898305084,0.0031209190001391,,,,,
wine,development_reused,scikit-learn bundled dataset,0,1,stratified,SPEC-scikit-feature,scikit-feature:similarity_based/SPEC.py,178,13.0,3,4,"7,8,2,0",0.821195652173913,0.8196279228537294,0.8305084745762712,0.0063520010007778,,,,,
wine,development_reused,scikit-learn bundled dataset,0,1,stratified,MCFS-scikit-feature-k5,scikit-feature:sparse_learning_based/MCFS.py,178,13.0,3,4,"12,4,3,9",0.9293478260869564,0.9293478260869564,0.9322033898305084,0.1250934580002649,,,,,
wine,development_reused,scikit-learn bundled dataset,0,2,stratified,GSR-FS,native_or_local,178,13.0,3,4,"6,5,7,8",0.83296783625731,0.8186024267903417,0.8135593220338984,0.1025011860001541,,,,,
wine,development_reused,scikit-learn bundled dataset,0,2,stratified,MaxVariance,native_or_local,178,13.0,3,4,"12,4,3,9",0.9130116959064326,0.9153107188821474,0.9152542372881356,0.0001146710001194,,,,,
wine,development_reused,scikit-learn bundled dataset,0,2,stratified,LaplacianScore-scikit-feature,scikit-feature:similarity_based/lap_score.py+upstream_default_W_workaround,178,13.0,3,4,"12,6,0,3",0.9685672514619884,0.967001092001092,0.9661016949152542,0.0032138089991349,,,,,
wine,development_reused,scikit-learn bundled dataset,0,2,stratified,SPEC-scikit-feature,scikit-feature:similarity_based/SPEC.py,178,13.0,3,4,"5,0,10,1",0.8640350877192983,0.8648388648388649,0.864406779661017,0.0039094159983505,,,,,
wine,development_reused,scikit-learn bundled dataset,0,2,stratified,MCFS-scikit-feature-k5,scikit-feature:sparse_learning_based/MCFS.py,178,13.0,3,4,"12,4,0,3",0.8782894736842105,0.8786172536172536,0.8813559322033898,0.1259634229991206,,,,,
breast_cancer,development_reused,scikit-learn bundled dataset,0,0,stratified,GSR-FS,native_or_local,569,30.0,2,6,"2,27,13,8,15,26",0.9227719256716772,0.916790750635018,0.9210526315789472,0.1674152229988976,,,,,
breast_cancer,development_reused,scikit-learn bundled dataset,0,0,stratified,MaxVariance,native_or_local,569,30.0,2,6,"23,3,13,22,2,21",0.9578648360752752,0.9552730696798492,0.9578947368421052,0.0001377360003971,,,,,
breast_cancer,development_reused,scikit-learn bundled dataset,0,0,stratified,LaplacianScore-scikit-feature,scikit-feature:similarity_based/lap_score.py+upstream_default_W_workaround,569,30.0,2,6,"20,22,0,23,2,3",0.9143685643271392,0.9061564833376914,0.9105263157894736,0.0464257799994811,,,,,
breast_cancer,development_reused,scikit-learn bundled dataset,0,0,stratified,SPEC-scikit-feature,scikit-feature:similarity_based/SPEC.py,569,30.0,2,6,"9,4,29,19,5,8",0.8861995502426323,0.882905355832722,0.8894736842105263,0.1381012700003339,,,,,
breast_cancer,development_reused,scikit-learn bundled dataset,0,0,stratified,MCFS-scikit-feature-k5,scikit-feature:sparse_learning_based/MCFS.py,569,30.0,2,6,"2,23,3,13,22,21",0.9578648360752752,0.9552730696798492,0.9578947368421052,0.2599161110010755,,,,,
breast_cancer,development_reused,scikit-learn bundled dataset,0,1,stratified,GSR-FS,native_or_local,569,30.0,2,6,"27,17,23,8,26,15",0.9592259438986862,0.960532953500104,0.963157894736842,0.1967313479999575,,,,,
breast_cancer,development_reused,scikit-learn bundled dataset,0,1,stratified,MaxVariance,native_or_local,569,30.0,2,6,"23,3,13,22,2,21",0.938099183335306,0.9431069589172356,0.9473684210526316,0.0001327730005868,,,,,
breast_cancer,development_reused,scikit-learn bundled dataset,0,1,stratified,LaplacianScore-scikit-feature,scikit-feature:similarity_based/lap_score.py+upstream_default_W_workaround,569,30.0,2,6,"20,0,23,2,22,3",0.902887915729672,0.9132446500867551,0.9210526315789472,0.0511440860009315,,,,,
breast_cancer,development_reused,scikit-learn bundled dataset,0,1,stratified,SPEC-scikit-feature,scikit-feature:similarity_based/SPEC.py,569,30.0,2,6,"18,14,28,11,26,19",0.903006272931708,0.9041514585002522,0.9105263157894736,0.1593191669999214,,,,,
breast_cancer,development_reused,scikit-learn bundled dataset,0,1,stratified,MCFS-scikit-feature-k5,scikit-feature:sparse_learning_based/MCFS.py,569,30.0,2,6,"2,23,3,13,1,29",0.9268552491419104,0.9317283507006828,0.936842105263158,0.2186912939996546,,,,,
breast_cancer,development_reused,scikit-learn bundled dataset,0,2,stratified,GSR-FS,native_or_local,569,30.0,2,6,"26,3,7,16,27,5",0.9521008403361344,0.9442017005196032,0.9470899470899472,0.1999746019992017,,,,,
breast_cancer,development_reused,scikit-learn bundled dataset,0,2,stratified,MaxVariance,native_or_local,569,30.0,2,6,"23,3,13,22,2,21",0.9247899159663866,0.9260407573522772,0.9312169312169312,0.0001652420014579,,,,,
breast_cancer,development_reused,scikit-learn bundled dataset,0,2,stratified,LaplacianScore-scikit-feature,scikit-feature:similarity_based/lap_score.py+upstream_default_W_workaround,569,30.0,2,6,"20,0,22,2,23,3",0.9252100840336136,0.9165120593692022,0.9206349206349206,0.0654569090002041,,,,,
breast_cancer,development_reused,scikit-learn bundled dataset,0,2,stratified,SPEC-scikit-feature,scikit-feature:similarity_based/SPEC.py,569,30.0,2,6,"9,29,4,19,5,8",0.915546218487395,0.9009664648346528,0.9047619047619048,0.1804263280009763,,,,,
breast_cancer,development_reused,scikit-learn bundled dataset,0,2,stratified,MCFS-scikit-feature-k5,scikit-feature:sparse_learning_based/MCFS.py,569,30.0,2,6,"23,3,22,21,13,27",0.9647058823529412,0.9606308585031988,0.9629629629629628,0.210096426999371,,,,,
anes96,offline_extension,statsmodels.datasets.anes96,0,0,stratified,GSR-FS,native_or_local,944,5.0,7,3,"3,4,2",0.16766249052266,0.1598039022461967,0.2063492063492063,0.0529113379998307,,,,,
anes96,offline_extension,statsmodels.datasets.anes96,0,0,stratified,MaxVariance,native_or_local,944,5.0,7,3,"2,4,0",0.202007270036931,0.1881161514317215,0.2412698412698412,0.0001041539999278,,,,,
anes96,offline_extension,statsmodels.datasets.anes96,0,0,stratified,LaplacianScore-scikit-feature,scikit-feature:similarity_based/lap_score.py+upstream_default_W_workaround,944,5.0,7,3,"0,4,2",0.202007270036931,0.1881161514317215,0.2412698412698412,0.093697644999338,,,,,
anes96,offline_extension,statsmodels.datasets.anes96,0,0,stratified,SPEC-scikit-feature,scikit-feature:similarity_based/SPEC.py,944,5.0,7,3,"1,3,0",0.2768008780296916,0.2411194040628233,0.3365079365079365,0.2937527129997761,,,,,
anes96,offline_extension,statsmodels.datasets.anes96,0,0,stratified,MCFS-scikit-feature-k5,scikit-feature:sparse_learning_based/MCFS.py,944,5.0,7,3,"0,4,3",0.1748157115953726,0.1596530309407782,0.2126984126984127,0.3837051689988584,,,,,
anes96,offline_extension,statsmodels.datasets.anes96,0,1,stratified,GSR-FS,native_or_local,944,5.0,7,3,"3,4,2",0.177432970462871,0.1468418440313302,0.165079365079365,0.0368057549985678,,,,,
anes96,offline_extension,statsmodels.datasets.anes96,0,1,stratified,MaxVariance,native_or_local,944,5.0,7,3,"2,4,0",0.1794474126695666,0.1684660407509343,0.1904761904761904,0.0001180929994006,,,,,
anes96,offline_extension,statsmodels.datasets.anes96,0,1,stratified,LaplacianScore-scikit-feature,scikit-feature:similarity_based/lap_score.py+upstream_default_W_workaround,944,5.0,7,3,"0,4,2",0.1794474126695666,0.1684660407509343,0.1904761904761904,0.1253385339987289,,,,,
anes96,offline_extension,statsmodels.datasets.anes96,0,1,stratified,SPEC-scikit-feature,scikit-feature:similarity_based/SPEC.py,944,5.0,7,3,"1,3,0",0.2865205902589064,0.2423633242819889,0.3142857142857143,0.2094155570011935,,,,,
anes96,offline_extension,statsmodels.datasets.anes96,0,1,stratified,MCFS-scikit-feature-k5,scikit-feature:sparse_learning_based/MCFS.py,944,5.0,7,3,"2,4,0",0.1794474126695666,0.1684660407509343,0.1904761904761904,0.4860760390001815,,,,,
anes96,offline_extension,statsmodels.datasets.anes96,0,2,stratified,GSR-FS,native_or_local,944,5.0,7,3,"3,4,2",0.1618885866235326,0.1414570915908027,0.1751592356687898,0.0580806189991562,,,,,
anes96,offline_extension,statsmodels.datasets.anes96,0,2,stratified,MaxVariance,native_or_local,944,5.0,7,3,"2,4,0",0.1634919554460337,0.1504488773856464,0.2006369426751592,0.0001062679984897,,,,,
anes96,offline_extension,statsmodels.datasets.anes96,0,2,stratified,LaplacianScore-scikit-feature,scikit-feature:similarity_based/lap_score.py+upstream_default_W_workaround,944,5.0,7,3,"0,4,2",0.1634919554460337,0.1504488773856464,0.2006369426751592,0.1206611670004349,,,,,
anes96,offline_extension,statsmodels.datasets.anes96,0,2,stratified,SPEC-scikit-feature,scikit-feature:similarity_based/SPEC.py,944,5.0,7,3,"1,3,0",0.2759140812701153,0.239481591243188,0.3152866242038216,0.2208852449984988,,,,,
anes96,offline_extension,statsmodels.datasets.anes96,0,2,stratified,MCFS-scikit-feature-k5,scikit-feature:sparse_learning_based/MCFS.py,944,5.0,7,3,"0,4,3",0.1649920348993946,0.1528841989379472,0.1847133757961783,0.400267533999795,,,,,
modechoice,offline_extension,statsmodels.datasets.modechoice,0,0,stratified_group,GSR-FS,native_or_local,840,6.0,2,3,"3,0,2",0.7571428571428571,0.7069597069597069,0.7428571428571429,0.0633601330009696,,,,,
modechoice,offline_extension,statsmodels.datasets.modechoice,0,0,stratified_group,MaxVariance,native_or_local,840,6.0,2,3,"2,3,1",0.55,0.4718973972086004,0.4821428571428571,0.0001028610004141,,,,,
modechoice,offline_extension,statsmodels.datasets.modechoice,0,0,stratified_group,LaplacianScore-scikit-feature,scikit-feature:similarity_based/lap_score.py+upstream_default_W_workaround,840,6.0,2,3,"0,1,4",0.7285714285714285,0.6687510562785195,0.7,0.0499782879996928,,,,,
modechoice,offline_extension,statsmodels.datasets.modechoice,0,0,stratified_group,SPEC-scikit-feature,scikit-feature:similarity_based/SPEC.py,840,6.0,2,3,"5,1,3",0.55,0.4718973972086004,0.4821428571428571,0.1851009700003487,,,,,
modechoice,offline_extension,statsmodels.datasets.modechoice,0,0,stratified_group,MCFS-scikit-feature-k5,scikit-feature:sparse_learning_based/MCFS.py,840,6.0,2,3,"4,1,0",0.7285714285714285,0.6687510562785195,0.7,0.2416424650000408,,,,,
modechoice,offline_extension,statsmodels.datasets.modechoice,0,1,stratified_group,GSR-FS,native_or_local,840,6.0,2,3,"3,2,1",0.5190476190476191,0.4921591606674479,0.5357142857142857,0.0496603840001625,,,,,
modechoice,offline_extension,statsmodels.datasets.modechoice,0,1,stratified_group,MaxVariance,native_or_local,840,6.0,2,3,"2,3,1",0.5190476190476191,0.4921591606674479,0.5357142857142857,0.0001529949986434,,,,,
modechoice,offline_extension,statsmodels.datasets.modechoice,0,1,stratified_group,LaplacianScore-scikit-feature,scikit-feature:similarity_based/lap_score.py+upstream_default_W_workaround,840,6.0,2,3,"0,1,2",0.6642857142857143,0.6323995810653331,0.6821428571428572,0.0125967119984125,,,,,
modechoice,offline_extension,statsmodels.datasets.modechoice,0,1,stratified_group,SPEC-scikit-feature,scikit-feature:similarity_based/SPEC.py,840,6.0,2,3,"5,1,3",0.4928571428571428,0.4652009618687736,0.5035714285714286,0.1760802219996549,,,,,
modechoice,offline_extension,statsmodels.datasets.modechoice,0,1,stratified_group,MCFS-scikit-feature-k5,scikit-feature:sparse_learning_based/MCFS.py,840,6.0,2,3,"0,3,1",0.6428571428571428,0.6055430970041975,0.65,0.2698364759999094,,,,,
modechoice,offline_extension,statsmodels.datasets.modechoice,0,2,stratified_group,GSR-FS,native_or_local,840,6.0,2,3,"2,0,1",0.7047619047619047,0.6727403500359626,0.7214285714285714,0.047793249001188,,,,,
modechoice,offline_extension,statsmodels.datasets.modechoice,0,2,stratified_group,MaxVariance,native_or_local,840,6.0,2,3,"2,3,1",0.5142857142857143,0.4407553434322473,0.45,0.0001055940010701,,,,,
modechoice,offline_extension,statsmodels.datasets.modechoice,0,2,stratified_group,LaplacianScore-scikit-feature,scikit-feature:similarity_based/lap_score.py+upstream_default_W_workaround,840,6.0,2,3,"0,1,2",0.7047619047619047,0.6727403500359626,0.7214285714285714,0.0837400769996747,,,,,
modechoice,offline_extension,statsmodels.datasets.modechoice,0,2,stratified_group,SPEC-scikit-feature,scikit-feature:similarity_based/SPEC.py,840,6.0,2,3,"5,1,3",0.5047619047619047,0.4480656013456686,0.4642857142857143,0.2227278999998816,,,,,
modechoice,offline_extension,statsmodels.datasets.modechoice,0,2,stratified_group,MCFS-scikit-feature-k5,scikit-feature:sparse_learning_based/MCFS.py,840,6.0,2,3,"1,4,0",0.6952380952380952,0.6476778769160375,0.6857142857142857,0.1902595990013651,,,,,
spector,offline_extension,statsmodels.datasets.spector,0,0,stratified,GSR-FS,native_or_local,32,3.0,2,2,"2,0",0.8571428571428572,0.8166666666666667,0.8181818181818182,0.0021889760009798,,,,,
spector,offline_extension,statsmodels.datasets.spector,0,0,stratified,MaxVariance,native_or_local,32,3.0,2,2,"1,2",0.6785714285714286,0.6857142857142857,0.7272727272727273,7.162600013543852e-05,,,,,
spector,offline_extension,statsmodels.datasets.spector,0,0,stratified,LaplacianScore-scikit-feature,scikit-feature:similarity_based/lap_score.py+upstream_default_W_workaround,32,3.0,2,2,"2,0",0.8571428571428572,0.8166666666666667,0.8181818181818182,0.0016026710000005,,,,,
spector,offline_extension,statsmodels.datasets.spector,0,0,stratified,SPEC-scikit-feature,scikit-feature:similarity_based/SPEC.py,32,3.0,2,2,"2,0",0.8571428571428572,0.8166666666666667,0.8181818181818182,0.0012667650007642,,,,,
spector,offline_extension,statsmodels.datasets.spector,0,0,stratified,MCFS-scikit-feature-k5,scikit-feature:sparse_learning_based/MCFS.py,32,3.0,2,2,"0,2",0.8571428571428572,0.8166666666666667,0.8181818181818182,0.0053719360003015,,,,,
spector,offline_extension,statsmodels.datasets.spector,0,1,stratified,GSR-FS,native_or_local,32,3.0,2,2,"0,1",0.625,0.611764705882353,0.7272727272727273,0.0022548360011569,,,,,
spector,offline_extension,statsmodels.datasets.spector,0,1,stratified,MaxVariance,native_or_local,32,3.0,2,2,"1,0",0.625,0.611764705882353,0.7272727272727273,6.386500172084197e-05,,,,,
spector,offline_extension,statsmodels.datasets.spector,0,1,stratified,LaplacianScore-scikit-feature,scikit-feature:similarity_based/lap_score.py+upstream_default_W_workaround,32,3.0,2,2,"2,1",0.4821428571428571,0.4761904761904761,0.5454545454545454,0.0028148799992777,,,,,
spector,offline_extension,statsmodels.datasets.spector,0,1,stratified,SPEC-scikit-feature,scikit-feature:similarity_based/SPEC.py,32,3.0,2,2,"2,0",0.6071428571428572,0.6071428571428572,0.6363636363636364,0.0014565109995601,,,,,
spector,offline_extension,statsmodels.datasets.spector,0,1,stratified,MCFS-scikit-feature-k5,scikit-feature:sparse_learning_based/MCFS.py,32,3.0,2,2,"2,0",0.6071428571428572,0.6071428571428572,0.6363636363636364,0.0057923079984902,,,,,
spector,offline_extension,statsmodels.datasets.spector,0,2,stratified,GSR-FS,native_or_local,32,3.0,2,2,"0,1",0.6190476190476191,0.5833333333333333,0.6,0.0062241470004664,,,,,
spector,offline_extension,statsmodels.datasets.spector,0,2,stratified,MaxVariance,native_or_local,32,3.0,2,2,"1,2",0.7142857142857143,0.6,0.6,9.718500041344667e-05,,,,,
spector,offline_extension,statsmodels.datasets.spector,0,2,stratified,LaplacianScore-scikit-feature,scikit-feature:similarity_based/lap_score.py+upstream_default_W_workaround,32,3.0,2,2,"2,1",0.7142857142857143,0.6,0.6,0.0016035279986681,,,,,
spector,offline_extension,statsmodels.datasets.spector,0,2,stratified,SPEC-scikit-feature,scikit-feature:similarity_based/SPEC.py,32,3.0,2,2,"2,0",0.8333333333333333,0.8666666666666667,0.9,0.0011768369986384,,,,,
spector,offline_extension,statsmodels.datasets.spector,0,2,stratified,MCFS-scikit-feature-k5,scikit-feature:sparse_learning_based/MCFS.py,32,3.0,2,2,"2,1",0.7142857142857143,0.6,0.6,0.006369540000378,,,,,
bmt_status,auxiliary_v014,statsmodels BMT,0,0,stratified,GSR-FS,native_or_local,137,,2,2,"3,2",0.6448412698412699,0.6413255360623782,0.6521739130434783,0.0149811420014884,,2.0,4.0,,
bmt_status,auxiliary_v014,statsmodels BMT,0,0,stratified,MaxVariance,native_or_local,137,,2,2,"1,0",0.9543650793650792,0.9543650793650792,0.9565217391304348,6.982500053709373e-05,,2.0,4.0,,
bmt_status,auxiliary_v014,statsmodels BMT,0,0,stratified,LaplacianScore-scikit-feature,scikit-feature:similarity_based/lap_score.py+upstream_default_W_workaround,137,,2,2,"1,2",0.6448412698412699,0.6413255360623782,0.6521739130434783,0.0025176950002787,,2.0,4.0,,
bmt_status,auxiliary_v014,statsmodels BMT,0,0,stratified,SPEC-scikit-feature,scikit-feature:similarity_based/SPEC.py,137,,2,2,"0,3",0.9543650793650792,0.9543650793650792,0.9565217391304348,0.0417277200012904,,2.0,4.0,,
bmt_status,auxiliary_v014,statsmodels BMT,0,0,stratified,MCFS-scikit-feature-k5,scikit-feature:sparse_learning_based/MCFS.py,137,,2,2,"3,1",0.6448412698412699,0.6413255360623782,0.6521739130434783,0.026093121001395,,2.0,4.0,,
bmt_status,auxiliary_v014,statsmodels BMT,0,1,stratified,GSR-FS,native_or_local,137,,2,2,"3,2",0.625,0.6267748478701826,0.6521739130434783,0.0076467239996418,,2.0,4.0,,
bmt_status,auxiliary_v014,statsmodels BMT,0,1,stratified,MaxVariance,native_or_local,137,,2,2,"3,2",0.625,0.6267748478701826,0.6521739130434783,0.0001034039996739,,2.0,4.0,,
bmt_status,auxiliary_v014,statsmodels BMT,0,1,stratified,LaplacianScore-scikit-feature,scikit-feature:similarity_based/lap_score.py+upstream_default_W_workaround,137,,2,2,"1,2",0.625,0.6267748478701826,0.6521739130434783,0.001993661000597,,2.0,4.0,,
bmt_status,auxiliary_v014,statsmodels BMT,0,1,stratified,SPEC-scikit-feature,scikit-feature:similarity_based/SPEC.py,137,,2,2,"0,3",1.0,1.0,1.0,0.0217091239992441,,2.0,4.0,,
bmt_status,auxiliary_v014,statsmodels BMT,0,1,stratified,MCFS-scikit-feature-k5,scikit-feature:sparse_learning_based/MCFS.py,137,,2,2,"3,1",0.625,0.6267748478701826,0.6521739130434783,0.0095278439985122,,2.0,4.0,,
bmt_status,auxiliary_v014,statsmodels BMT,0,2,stratified,GSR-FS,native_or_local,137,,2,2,"3,2",0.5833333333333333,0.5833333333333333,0.6,0.035134443998686,,2.0,4.0,,
bmt_status,auxiliary_v014,statsmodels BMT,0,2,stratified,MaxVariance,native_or_local,137,,2,2,"1,2",0.5833333333333333,0.5833333333333333,0.6,8.500300100422464e-05,,2.0,4.0,,
bmt_status,auxiliary_v014,statsmodels BMT,0,2,stratified,LaplacianScore-scikit-feature,scikit-feature:similarity_based/lap_score.py+upstream_default_W_workaround,137,,2,2,"2,1",0.5833333333333333,0.5833333333333333,0.6,0.0026445820003573,,2.0,4.0,,
bmt_status,auxiliary_v014,statsmodels BMT,0,2,stratified,SPEC-scikit-feature,scikit-feature:similarity_based/SPEC.py,137,,2,2,"0,3",0.8518518518518519,0.8581932773109244,0.8666666666666667,0.0034624790005182,,2.0,4.0,,
bmt_status,auxiliary_v014,statsmodels BMT,0,2,stratified,MCFS-scikit-feature-k5,scikit-feature:sparse_learning_based/MCFS.py,137,,2,2,"3,1",0.5833333333333333,0.5833333333333333,0.6,0.0097659559996827,,2.0,4.0,,
ccard_ownrent,auxiliary_v014,statsmodels ccard,0,0,stratified,GSR-FS,native_or_local,72,,2,2,"3,0",0.7555555555555555,0.7428571428571429,0.75,0.0113575109990051,,4.0,4.0,,
ccard_ownrent,auxiliary_v014,statsmodels ccard,0,0,stratified,MaxVariance,native_or_local,72,,2,2,"2,0",0.7222222222222222,0.7037037037037037,0.7083333333333334,9.84090002020821e-05,,4.0,4.0,,
ccard_ownrent,auxiliary_v014,statsmodels ccard,0,0,stratified,LaplacianScore-scikit-feature,scikit-feature:similarity_based/lap_score.py+upstream_default_W_workaround,72,,2,2,"1,2",0.6888888888888889,0.6643356643356644,0.6666666666666666,0.0051119660001859,,4.0,4.0,,
ccard_ownrent,auxiliary_v014,statsmodels ccard,0,0,stratified,SPEC-scikit-feature,scikit-feature:similarity_based/SPEC.py,72,,2,2,"0,2",0.7222222222222222,0.7037037037037037,0.7083333333333334,0.0040249530011351,,4.0,4.0,,
ccard_ownrent,auxiliary_v014,statsmodels ccard,0,0,stratified,MCFS-scikit-feature-k5,scikit-feature:sparse_learning_based/MCFS.py,72,,2,2,"1,3",0.711111111111111,0.6666666666666666,0.6666666666666666,0.0096380689992656,,4.0,4.0,,
ccard_ownrent,auxiliary_v014,statsmodels ccard,0,1,stratified,GSR-FS,native_or_local,72,,2,2,"3,0",0.7111111111111111,0.71875,0.75,0.0060883919995831,,4.0,4.0,,
ccard_ownrent,auxiliary_v014,statsmodels ccard,0,1,stratified,MaxVariance,native_or_local,72,,2,2,"0,2",0.6777777777777778,0.6812144212523719,0.7083333333333334,7.605800055898726e-05,,4.0,4.0,,
ccard_ownrent,auxiliary_v014,statsmodels ccard,0,1,stratified,LaplacianScore-scikit-feature,scikit-feature:similarity_based/lap_score.py+upstream_default_W_workaround,72,,2,2,"2,1",0.7111111111111111,0.71875,0.75,0.0018006099999183,,4.0,4.0,,
ccard_ownrent,auxiliary_v014,statsmodels ccard,0,1,stratified,SPEC-scikit-feature,scikit-feature:similarity_based/SPEC.py,72,,2,2,"1,0",0.6777777777777778,0.6812144212523719,0.7083333333333334,0.002112930000294,,4.0,4.0,,
ccard_ownrent,auxiliary_v014,statsmodels ccard,0,1,stratified,MCFS-scikit-feature-k5,scikit-feature:sparse_learning_based/MCFS.py,72,,2,2,"0,2",0.6777777777777778,0.6812144212523719,0.7083333333333334,0.0071182339997903,,4.0,4.0,,
ccard_ownrent,auxiliary_v014,statsmodels ccard,0,2,stratified,GSR-FS,native_or_local,72,,2,2,"3,2",0.8,0.8125,0.8333333333333334,0.0039465199988626,,4.0,4.0,,
ccard_ownrent,auxiliary_v014,statsmodels ccard,0,2,stratified,MaxVariance,native_or_local,72,,2,2,"3,0",0.8,0.8125,0.8333333333333334,6.688199937343597e-05,,4.0,4.0,,
ccard_ownrent,auxiliary_v014,statsmodels ccard,0,2,stratified,LaplacianScore-scikit-feature,scikit-feature:similarity_based/lap_score.py+upstream_default_W_workaround,72,,2,2,"1,2",0.8555555555555556,0.8633776091081593,0.875,0.0022700410008837,,4.0,4.0,,
ccard_ownrent,auxiliary_v014,statsmodels ccard,0,2,stratified,SPEC-scikit-feature,scikit-feature:similarity_based/SPEC.py,72,,2,2,"0,1",0.7444444444444445,0.7575757575757576,0.7916666666666666,0.0022212440017028,,4.0,4.0,,
ccard_ownrent,auxiliary_v014,statsmodels ccard,0,2,stratified,MCFS-scikit-feature-k5,scikit-feature:sparse_learning_based/MCFS.py,72,,2,2,"1,0",0.7444444444444445,0.7575757575757576,0.7916666666666666,0.0078204100009315,,4.0,4.0,,
constrict_diagnosis,auxiliary_v014,statsmodels constrict,0,0,stratified,GSR-FS,native_or_local,39,,2,3,"5,2,4",1.0,1.0,1.0,0.0034401249995426,,6.0,6.0,,
constrict_diagnosis,auxiliary_v014,statsmodels constrict,0,0,stratified,MaxVariance,native_or_local,39,,2,3,"1,4,2",1.0,1.0,1.0,6.547299926751293e-05,,6.0,6.0,,
constrict_diagnosis,auxiliary_v014,statsmodels constrict,0,0,stratified,LaplacianScore-scikit-feature,scikit-feature:similarity_based/lap_score.py+upstream_default_W_workaround,39,,2,3,"2,5,0",1.0,1.0,1.0,0.0017754710006556,,6.0,6.0,,
constrict_diagnosis,auxiliary_v014,statsmodels constrict,0,0,stratified,SPEC-scikit-feature,scikit-feature:similarity_based/SPEC.py,39,,2,3,"3,5,0",0.8452380952380952,0.8452380952380952,0.8461538461538461,0.0262966090012923,,6.0,6.0,,
constrict_diagnosis,auxiliary_v014,statsmodels constrict,0,0,stratified,MCFS-scikit-feature-k5,scikit-feature:sparse_learning_based/MCFS.py,39,,2,3,"4,5,1",0.8452380952380952,0.8452380952380952,0.8461538461538461,0.0079361799998878,,6.0,6.0,,
constrict_diagnosis,auxiliary_v014,statsmodels constrict,0,1,stratified,GSR-FS,native_or_local,39,,2,3,"0,2,5",1.0,1.0,1.0,0.0042765340003825,,6.0,6.0,,
constrict_diagnosis,auxiliary_v014,statsmodels constrict,0,1,stratified,MaxVariance,native_or_local,39,,2,3,"1,2,0",1.0,1.0,1.0,0.0001111860001401,,6.0,6.0,,
constrict_diagnosis,auxiliary_v014,statsmodels constrict,0,1,stratified,LaplacianScore-scikit-feature,scikit-feature:similarity_based/lap_score.py+upstream_default_W_workaround,39,,2,3,"2,1,5",1.0,1.0,1.0,0.0018667529984668,,6.0,6.0,,
constrict_diagnosis,auxiliary_v014,statsmodels constrict,0,1,stratified,SPEC-scikit-feature,scikit-feature:similarity_based/SPEC.py,39,,2,3,"3,5,0",0.8452380952380952,0.8452380952380952,0.8461538461538461,0.0014071440000407,,6.0,6.0,,
constrict_diagnosis,auxiliary_v014,statsmodels constrict,0,1,stratified,MCFS-scikit-feature-k5,scikit-feature:sparse_learning_based/MCFS.py,39,,2,3,"1,5,4",0.9285714285714286,0.9230769230769232,0.9230769230769232,0.0280279469989181,,6.0,6.0,,
constrict_diagnosis,auxiliary_v014,statsmodels constrict,0,2,stratified,GSR-FS,native_or_local,39,,2,3,"4,5,2",1.0,1.0,1.0,0.0035037439993175,,6.0,6.0,,
constrict_diagnosis,auxiliary_v014,statsmodels constrict,0,2,stratified,MaxVariance,native_or_local,39,,2,3,"1,4,0",0.7857142857142857,0.7636363636363637,0.7692307692307693,6.382999890774954e-05,,6.0,6.0,,
constrict_diagnosis,auxiliary_v014,statsmodels constrict,0,2,stratified,LaplacianScore-scikit-feature,scikit-feature:similarity_based/lap_score.py+upstream_default_W_workaround,39,,2,3,"2,5,1",1.0,1.0,1.0,0.0015518449999945,,6.0,6.0,,
constrict_diagnosis,auxiliary_v014,statsmodels constrict,0,2,stratified,SPEC-scikit-feature,scikit-feature:similarity_based/SPEC.py,39,,2,3,"3,0,5",0.8571428571428572,0.8452380952380952,0.8461538461538461,0.0013073649988655,,6.0,6.0,,
constrict_diagnosis,auxiliary_v014,statsmodels constrict,0,2,stratified,MCFS-scikit-feature-k5,scikit-feature:sparse_learning_based/MCFS.py,39,,2,3,"0,4,1",0.7857142857142857,0.7636363636363637,0.7692307692307693,0.0065369900003133,,6.0,6.0,,
diamonds_cut,auxiliary_v014,plotnine diamonds,0,0,stratified,GSR-FS,native_or_local,900,,5,5,"6,3,0,5,2",0.412793009459676,0.3442709749915014,0.4333333333333333,0.1131917580005392,,9.0,22.0,,
diamonds_cut,auxiliary_v014,plotnine diamonds,0,0,stratified,MaxVariance,native_or_local,900,,5,5,"16,9,0,10,19",0.2424146224146223,0.1817289390396166,0.22,0.0001935620002768,,9.0,22.0,,
diamonds_cut,auxiliary_v014,plotnine diamonds,0,0,stratified,LaplacianScore-scikit-feature,scikit-feature:similarity_based/lap_score.py+upstream_default_W_workaround,900,,5,5,"13,14,20,19,21",0.2686435786435786,0.1293895379320823,0.1533333333333333,0.0927042330004042,,9.0,22.0,,
diamonds_cut,auxiliary_v014,plotnine diamonds,0,0,stratified,SPEC-scikit-feature,scikit-feature:similarity_based/SPEC.py,900,,5,5,"1,2,5,4,6",0.4059924643257976,0.3407706518501973,0.43,0.2237020430002303,,9.0,22.0,,
diamonds_cut,auxiliary_v014,plotnine diamonds,0,0,stratified,MCFS-scikit-feature-k5,scikit-feature:sparse_learning_based/MCFS.py,900,,5,5,"14,19,20,13,10",0.2584223184223184,0.16974891360089,0.1966666666666666,0.2235192890002508,,9.0,22.0,,
diamonds_cut,auxiliary_v014,plotnine diamonds,0,1,stratified,GSR-FS,native_or_local,900,,5,5,"4,3,6,0,5",0.3227434577434577,0.2474910334207674,0.3066666666666666,0.161022659000082,,9.0,22.0,,
diamonds_cut,auxiliary_v014,plotnine diamonds,0,1,stratified,MaxVariance,native_or_local,900,,5,5,"21,9,2,16,0",0.3578732303732304,0.3278267949096863,0.42,0.0001576659997226,,9.0,22.0,,
diamonds_cut,auxiliary_v014,plotnine diamonds,0,1,stratified,LaplacianScore-scikit-feature,scikit-feature:similarity_based/lap_score.py+upstream_default_W_workaround,900,,5,5,"14,21,19,20,13",0.2513942513942513,0.146660525272431,0.1766666666666666,0.0341456879996258,,9.0,22.0,,
diamonds_cut,auxiliary_v014,plotnine diamonds,0,1,stratified,SPEC-scikit-feature,scikit-feature:similarity_based/SPEC.py,900,,5,5,"2,1,4,5,6",0.4638985413985415,0.4446432564426068,0.4933333333333333,0.2519574919988372,,9.0,22.0,,
diamonds_cut,auxiliary_v014,plotnine diamonds,0,1,stratified,MCFS-scikit-feature-k5,scikit-feature:sparse_learning_based/MCFS.py,900,,5,5,"13,14,21,8,15",0.2603421278421278,0.1913391662879719,0.23,0.2927990930002124,,9.0,22.0,,
diamonds_cut,auxiliary_v014,plotnine diamonds,0,2,stratified,GSR-FS,native_or_local,900,,5,5,"4,3,0,6,1",0.317562205062205,0.2155026989533458,0.2433333333333333,0.1349657869996008,,9.0,22.0,,
diamonds_cut,auxiliary_v014,plotnine diamonds,0,2,stratified,MaxVariance,native_or_local,900,,5,5,"13,10,16,12,6",0.3207196482196482,0.2280271889285493,0.2966666666666667,0.0001989110005524,,9.0,22.0,,
diamonds_cut,auxiliary_v014,plotnine diamonds,0,2,stratified,LaplacianScore-scikit-feature,scikit-feature:similarity_based/lap_score.py+upstream_default_W_workaround,900,,5,5,"14,21,19,20,9",0.2941216216216216,0.1753575357535753,0.27,0.0846555440002703,,9.0,22.0,,
diamonds_cut,auxiliary_v014,plotnine diamonds,0,2,stratified,SPEC-scikit-feature,scikit-feature:similarity_based/SPEC.py,900,,5,5,"1,2,6,4,5",0.4728356928356928,0.4006303161858717,0.4766666666666667,0.2537250440000207,,9.0,22.0,,
diamonds_cut,auxiliary_v014,plotnine diamonds,0,2,stratified,MCFS-scikit-feature-k5,scikit-feature:sparse_learning_based/MCFS.py,900,,5,5,"21,20,19,9,13",0.3116688116688116,0.1189877856697078,0.1433333333333333,0.2805006620001222,,9.0,22.0,,
fair_affair_any,auxiliary_v014,statsmodels fair,0,0,stratified,GSR-FS,native_or_local,900,,2,3,"1,2,3",0.5767326732673268,0.5704539711951486,0.6033333333333334,0.0536549249991367,,8.0,8.0,,
fair_affair_any,auxiliary_v014,statsmodels fair,0,0,stratified,MaxVariance,native_or_local,900,,2,3,"6,0,3",0.6525055566781168,0.642646581078317,0.67,0.0001048920003086,,8.0,8.0,,
fair_affair_any,auxiliary_v014,statsmodels fair,0,0,stratified,LaplacianScore-scikit-feature,scikit-feature:similarity_based/lap_score.py+upstream_default_W_workaround,900,,2,3,"2,1,7",0.5668316831683169,0.5594503277259757,0.59,0.0905957220002164,,8.0,8.0,,
fair_affair_any,auxiliary_v014,statsmodels fair,0,0,stratified,SPEC-scikit-feature,scikit-feature:similarity_based/SPEC.py,900,,2,3,"0,5,4",0.6852899575671854,0.6744791666666667,0.7,0.2480316239998501,,8.0,8.0,,
fair_affair_any,auxiliary_v014,statsmodels fair,0,0,stratified,MCFS-scikit-feature-k5,scikit-feature:sparse_learning_based/MCFS.py,900,,2,3,"0,7,6",0.6362901596282078,0.6362901596282078,0.68,0.3382722379992628,,8.0,8.0,,
fair_affair_any,auxiliary_v014,statsmodels fair,0,1,stratified,GSR-FS,native_or_local,900,,2,3,"1,2,3",0.6339444416230765,0.621049621049621,0.6466666666666666,0.0463885760000266,,8.0,8.0,,
fair_affair_any,auxiliary_v014,statsmodels fair,0,1,stratified,MaxVariance,native_or_local,900,,2,3,"7,1,3",0.5392057285054086,0.5205518827249209,0.5366666666666666,9.235200013790744e-05,,8.0,8.0,,
fair_affair_any,auxiliary_v014,statsmodels fair,0,1,stratified,LaplacianScore-scikit-feature,scikit-feature:similarity_based/lap_score.py+upstream_default_W_workaround,900,,2,3,"2,1,7",0.5658422629627748,0.5543293718166383,0.58,0.1299242269997194,,8.0,8.0,,
fair_affair_any,auxiliary_v014,statsmodels fair,0,1,stratified,SPEC-scikit-feature,scikit-feature:similarity_based/SPEC.py,900,,2,3,"0,5,4",0.6599461683002387,0.6404230317273796,0.66,0.2201799619997473,,8.0,8.0,,
fair_affair_any,auxiliary_v014,statsmodels fair,0,1,stratified,MCFS-scikit-feature-k5,scikit-feature:sparse_learning_based/MCFS.py,900,,2,3,"0,7,2",0.6525570057386623,0.6316263404708167,0.65,0.360491206000006,,8.0,8.0,,
fair_affair_any,auxiliary_v014,statsmodels fair,0,2,stratified,GSR-FS,native_or_local,900,,2,3,"1,2,3",0.5514702148189528,0.5490611601202503,0.5933333333333334,0.0715584800000215,,8.0,8.0,,
fair_affair_any,auxiliary_v014,statsmodels fair,0,2,stratified,MaxVariance,native_or_local,900,,2,3,"0,1,2",0.6677416078411457,0.665409340969185,0.7033333333333334,8.630199954495765e-05,,8.0,8.0,,
fair_affair_any,auxiliary_v014,statsmodels fair,0,2,stratified,LaplacianScore-scikit-feature,scikit-feature:similarity_based/lap_score.py+upstream_default_W_workaround,900,,2,3,"2,1,7",0.5355492356914326,0.5352117998261767,0.59,0.1177121060009085,,8.0,8.0,,
fair_affair_any,auxiliary_v014,statsmodels fair,0,2,stratified,SPEC-scikit-feature,scikit-feature:similarity_based/SPEC.py,900,,2,3,"0,4,5",0.6614950992839368,0.6498658420666338,0.6766666666666666,0.2218885000002046,,8.0,8.0,,
fair_affair_any,auxiliary_v014,statsmodels fair,0,2,stratified,MCFS-scikit-feature-k5,scikit-feature:sparse_learning_based/MCFS.py,900,,2,3,"4,2,5",0.5521558072215733,0.546964663243733,0.5833333333333334,0.3457991439991019,,8.0,8.0,,
heart_censor,auxiliary_v014,statsmodels heart,0,0,stratified,GSR-FS,native_or_local,69,,2,2,"0,1",0.7166666666666667,0.731934731934732,0.782608695652174,0.0033244649985135,,2.0,2.0,,
heart_censor,auxiliary_v014,statsmodels heart,0,0,stratified,MaxVariance,native_or_local,69,,2,2,"1,0",0.7166666666666667,0.731934731934732,0.782608695652174,7.822900079190731e-05,,2.0,2.0,,
heart_censor,auxiliary_v014,statsmodels heart,0,0,stratified,LaplacianScore-scikit-feature,scikit-feature:similarity_based/lap_score.py+upstream_default_W_workaround,69,,2,2,"0,1",0.7166666666666667,0.731934731934732,0.782608695652174,0.0022533489991474,,2.0,2.0,,
heart_censor,auxiliary_v014,statsmodels heart,0,0,stratified,SPEC-scikit-feature,scikit-feature:similarity_based/SPEC.py,69,,2,2,"1,0",0.7166666666666667,0.731934731934732,0.782608695652174,0.0020055200002389,,2.0,2.0,,
heart_censor,auxiliary_v014,statsmodels heart,0,0,stratified,MCFS-scikit-feature-k5,scikit-feature:sparse_learning_based/MCFS.py,69,,2,2,"1,0",0.7166666666666667,0.731934731934732,0.782608695652174,0.0082891330002894,,2.0,2.0,,
heart_censor,auxiliary_v014,statsmodels heart,0,1,stratified,GSR-FS,native_or_local,69,,2,2,"1,0",0.7083333333333333,0.6861598440545809,0.6956521739130435,0.0028308400014793,,2.0,2.0,,
heart_censor,auxiliary_v014,statsmodels heart,0,1,stratified,MaxVariance,native_or_local,69,,2,2,"0,1",0.7083333333333333,0.6861598440545809,0.6956521739130435,6.367700007103849e-05,,2.0,2.0,,
heart_censor,auxiliary_v014,statsmodels heart,0,1,stratified,LaplacianScore-scikit-feature,scikit-feature:similarity_based/lap_score.py+upstream_default_W_workaround,69,,2,2,"0,1",0.7083333333333333,0.6861598440545809,0.6956521739130435,0.0021953089999442,,2.0,2.0,,
heart_censor,auxiliary_v014,statsmodels heart,0,1,stratified,SPEC-scikit-feature,scikit-feature:similarity_based/SPEC.py,69,,2,2,"1,0",0.7083333333333333,0.6861598440545809,0.6956521739130435,0.0020160269996267,,2.0,2.0,,
heart_censor,auxiliary_v014,statsmodels heart,0,1,stratified,MCFS-scikit-feature-k5,scikit-feature:sparse_learning_based/MCFS.py,69,,2,2,"0,1",0.7083333333333333,0.6861598440545809,0.6956521739130435,0.0076365460008673,,2.0,2.0,,
heart_censor,auxiliary_v014,statsmodels heart,0,2,stratified,GSR-FS,native_or_local,69,,2,2,"1,0",0.7125,0.7125,0.7391304347826086,0.0024831809987517,,2.0,2.0,,
heart_censor,auxiliary_v014,statsmodels heart,0,2,stratified,MaxVariance,native_or_local,69,,2,2,"0,1",0.7125,0.7125,0.7391304347826086,6.126500011305325e-05,,2.0,2.0,,
heart_censor,auxiliary_v014,statsmodels heart,0,2,stratified,LaplacianScore-scikit-feature,scikit-feature:similarity_based/lap_score.py+upstream_default_W_workaround,69,,2,2,"1,0",0.7125,0.7125,0.7391304347826086,0.0016778049994172,,2.0,2.0,,
heart_censor,auxiliary_v014,statsmodels heart,0,2,stratified,SPEC-scikit-feature,scikit-feature:similarity_based/SPEC.py,69,,2,2,"1,0",0.7125,0.7125,0.7391304347826086,0.0017502400005469,,2.0,2.0,,
heart_censor,auxiliary_v014,statsmodels heart,0,2,stratified,MCFS-scikit-feature-k5,scikit-feature:sparse_learning_based/MCFS.py,69,,2,2,"0,1",0.7125,0.7125,0.7391304347826086,0.0059704570012399,,2.0,2.0,,
mpg_class,auxiliary_v014,plotnine mpg,0,0,stratified,GSR-FS,native_or_local,234,,7,8,"49,50,2,3,54,1,46,4",0.6960575139146566,0.602267573696145,0.5769230769230769,0.58674228900054,,10.0,56.0,,
mpg_class,auxiliary_v014,plotnine mpg,0,0,stratified,MaxVariance,native_or_local,234,,7,8,"7,37,5,2,51,53,42,10",0.6344619666048238,0.5800653594771241,0.5384615384615384,0.0002055069999187,,10.0,56.0,,
mpg_class,auxiliary_v014,plotnine mpg,0,0,stratified,LaplacianScore-scikit-feature,scikit-feature:similarity_based/lap_score.py+upstream_default_W_workaround,234,,7,8,"14,10,9,25,34,16,24,8",0.4413961038961038,0.362870231704722,0.2564102564102564,0.0361391320002439,,10.0,56.0,,
mpg_class,auxiliary_v014,plotnine mpg,0,0,stratified,SPEC-scikit-feature,scikit-feature:similarity_based/SPEC.py,234,,7,8,"2,0,1,3,4,46,42,53",0.6201298701298701,0.5140278333555643,0.4871794871794871,0.0916931749998184,,10.0,56.0,,
mpg_class,auxiliary_v014,plotnine mpg,0,0,stratified,MCFS-scikit-feature-k5,scikit-feature:sparse_learning_based/MCFS.py,234,,7,8,"34,8,16,13,4,9,5,51",0.7116187384044527,0.6415066026410565,0.5897435897435898,0.0742400070012081,,10.0,56.0,,
mpg_class,auxiliary_v014,plotnine mpg,0,1,stratified,GSR-FS,native_or_local,234,,7,8,"53,58,2,52,4,0,57,3",0.6009942438513868,0.4918224131757966,0.4358974358974359,0.6118324710005254,,10.0,60.0,,
mpg_class,auxiliary_v014,plotnine mpg,0,1,stratified,MaxVariance,native_or_local,234,,7,8,"5,10,25,8,54,35,6,18",0.5827773417059131,0.5555149222362338,0.4230769230769231,0.0002401750007265,,10.0,60.0,,
mpg_class,auxiliary_v014,plotnine mpg,0,1,stratified,LaplacianScore-scikit-feature,scikit-feature:similarity_based/lap_score.py+upstream_default_W_workaround,234,,7,8,"10,15,35,7,38,42,37,25",0.4301293944151086,0.3320774463631606,0.2179487179487179,0.0402540680006495,,10.0,60.0,,
mpg_class,auxiliary_v014,plotnine mpg,0,1,stratified,SPEC-scikit-feature,scikit-feature:similarity_based/SPEC.py,234,,7,8,"0,2,1,3,4,49,45,57",0.5454783311926169,0.4565424978924572,0.3974358974358974,0.0260046280000096,,10.0,60.0,,
mpg_class,auxiliary_v014,plotnine mpg,0,1,stratified,MCFS-scikit-feature-k5,scikit-feature:sparse_learning_based/MCFS.py,234,,7,8,"35,42,52,13,53,11,4,8",0.6769004804719091,0.5793845979051763,0.5641025641025641,0.0713041420003719,,10.0,60.0,,
mpg_class,auxiliary_v014,plotnine mpg,0,2,stratified,GSR-FS,native_or_local,234,,7,8,"2,53,49,0,52,4,48,1",0.6906307977736549,0.6439370153655867,0.5641025641025641,0.5601884299994708,,10.0,55.0,,
mpg_class,auxiliary_v014,plotnine mpg,0,2,stratified,MaxVariance,native_or_local,234,,7,8,"9,23,12,50,8,13,40,49",0.7023809523809523,0.6052888927299092,0.6025641025641025,0.0001946050015249,,10.0,55.0,,
mpg_class,auxiliary_v014,plotnine mpg,0,2,stratified,LaplacianScore-scikit-feature,scikit-feature:similarity_based/lap_score.py+upstream_default_W_workaround,234,,7,8,"13,10,22,11,29,7,15,5",0.5167594310451453,0.4000546821599453,0.3333333333333333,0.0261021509995771,,10.0,55.0,,
mpg_class,auxiliary_v014,plotnine mpg,0,2,stratified,SPEC-scikit-feature,scikit-feature:similarity_based/SPEC.py,234,,7,8,"0,2,3,1,4,45,41,52",0.4684601113172542,0.4309349763297131,0.358974358974359,0.0193575090015656,,10.0,55.0,,
mpg_class,auxiliary_v014,plotnine mpg,0,2,stratified,MCFS-scikit-feature-k5,scikit-feature:sparse_learning_based/MCFS.py,234,,7,8,"26,25,11,7,8,5,14,12",0.4478664192949907,0.2861839756813323,0.2692307692307692,0.0454553880008461,,10.0,55.0,,
msleep_vore,auxiliary_v014,plotnine msleep,0,0,stratified,GSR-FS,native_or_local,76,,4,9,"5,71,3,4,1,69,2,68,64",0.4372294372294372,0.3446428571428571,0.3846153846153846,0.1228873809996002,,9.0,74.0,,
msleep_vore,auxiliary_v014,plotnine msleep,0,0,stratified,MaxVariance,native_or_local,76,,4,9,"6,7,9,8,10,62,13,11,14",0.25,0.0357142857142857,0.0769230769230769,0.0001023900003929,,9.0,74.0,,
msleep_vore,auxiliary_v014,plotnine msleep,0,0,stratified,LaplacianScore-scikit-feature,scikit-feature:similarity_based/lap_score.py+upstream_default_W_workaround,76,,4,9,"63,53,3,0,71,65,73,69,1",0.6033549783549783,0.578088578088578,0.6538461538461539,0.0023569989989482,,9.0,74.0,,
msleep_vore,auxiliary_v014,plotnine msleep,0,0,stratified,SPEC-scikit-feature,scikit-feature:similarity_based/SPEC.py,76,,4,9,"1,0,3,2,4,5,73,70,72",0.4826839826839827,0.4040032679738562,0.4615384615384615,0.0053656190011679,,9.0,74.0,,
msleep_vore,auxiliary_v014,plotnine msleep,0,0,stratified,MCFS-scikit-feature-k5,scikit-feature:sparse_learning_based/MCFS.py,76,,4,9,"67,73,52,3,63,53,20,54,61",0.6617965367965367,0.6568181818181817,0.7307692307692307,0.0150916759994288,,9.0,74.0,,
msleep_vore,auxiliary_v014,plotnine msleep,0,1,stratified,GSR-FS,native_or_local,76,,4,6,"22,5,3,1,8,4",0.3300865800865801,0.3055555555555556,0.4,0.0313591869999072,,9.0,26.0,,
msleep_vore,auxiliary_v014,plotnine msleep,0,1,stratified,MaxVariance,native_or_local,76,,4,6,"25,2,11,10,24,9",0.6493506493506493,0.5134615384615384,0.52,9.842699910223018e-05,,9.0,26.0,,
msleep_vore,auxiliary_v014,plotnine msleep,0,1,stratified,LaplacianScore-scikit-feature,scikit-feature:similarity_based/lap_score.py+upstream_default_W_workaround,76,,4,6,"16,17,3,0,20,10",0.7472943722943722,0.6328282828282829,0.68,0.0023306090006371,,9.0,26.0,,
msleep_vore,auxiliary_v014,plotnine msleep,0,1,stratified,SPEC-scikit-feature,scikit-feature:similarity_based/SPEC.py,76,,4,6,"2,1,0,3,4,5",0.191017316017316,0.1958168642951251,0.28,0.0032523049994779,,9.0,26.0,,
msleep_vore,auxiliary_v014,plotnine msleep,0,1,stratified,MCFS-scikit-feature-k5,scikit-feature:sparse_learning_based/MCFS.py,76,,4,6,"3,0,19,1,22,10",0.4875541125541126,0.5201298701298701,0.6,0.0118284260006475,,9.0,26.0,,
msleep_vore,auxiliary_v014,plotnine msleep,0,2,stratified,GSR-FS,native_or_local,76,,4,5,"5,18,4,0,6",0.3452380952380952,0.3630952380952381,0.44,0.0173160110007302,,9.0,22.0,,
msleep_vore,auxiliary_v014,plotnine msleep,0,2,stratified,MaxVariance,native_or_local,76,,4,5,"4,12,19,9,1",0.613095238095238,0.521301247771836,0.52,7.515000106650405e-05,,9.0,22.0,,
msleep_vore,auxiliary_v014,plotnine msleep,0,2,stratified,LaplacianScore-scikit-feature,scikit-feature:similarity_based/lap_score.py+upstream_default_W_workaround,76,,4,5,"14,13,9,16,3",0.6238095238095237,0.6170454545454546,0.68,0.0017039030008163,,9.0,22.0,,
msleep_vore,auxiliary_v014,plotnine msleep,0,2,stratified,SPEC-scikit-feature,scikit-feature:similarity_based/SPEC.py,76,,4,5,"1,0,3,2,4",0.1523809523809524,0.1746031746031746,0.2,0.0023134259990911,,9.0,22.0,,
msleep_vore,auxiliary_v014,plotnine msleep,0,2,stratified,MCFS-scikit-feature-k5,scikit-feature:sparse_learning_based/MCFS.py,76,,4,5,"14,16,8,18,3",0.5095238095238095,0.5246753246753246,0.64,0.0086333239996747,,9.0,22.0,,
mtcars_transmission,auxiliary_v014,plotnine mtcars,0,0,stratified,GSR-FS,native_or_local,32,,2,4,"1,2,7,8",0.8333333333333333,0.8166666666666667,0.8181818181818182,0.0063281420007115,,10.0,10.0,,
mtcars_transmission,auxiliary_v014,plotnine mtcars,0,0,stratified,MaxVariance,native_or_local,32,,2,4,"1,2,6,4",0.75,0.717948717948718,0.7272727272727273,6.73849990562303e-05,,10.0,10.0,,
mtcars_transmission,auxiliary_v014,plotnine mtcars,0,0,stratified,LaplacianScore-scikit-feature,scikit-feature:similarity_based/lap_score.py+upstream_default_W_workaround,32,,2,4,"1,7,2,4",0.75,0.717948717948718,0.7272727272727273,0.0015552160002698,,10.0,10.0,,
mtcars_transmission,auxiliary_v014,plotnine mtcars,0,0,stratified,SPEC-scikit-feature,scikit-feature:similarity_based/SPEC.py,32,,2,4,"0,2,4,9",0.7333333333333334,0.7272727272727273,0.7272727272727273,0.0013905209998483,,10.0,10.0,,
mtcars_transmission,auxiliary_v014,plotnine mtcars,0,0,stratified,MCFS-scikit-feature-k5,scikit-feature:sparse_learning_based/MCFS.py,32,,2,4,"1,4,0,9",0.7333333333333334,0.7272727272727273,0.7272727272727273,0.0070211089987424,,10.0,10.0,,
mtcars_transmission,auxiliary_v014,plotnine mtcars,0,1,stratified,GSR-FS,native_or_local,32,,2,4,"1,3,7,2",0.875,0.8952380952380952,0.9090909090909092,0.0048770249995868,,10.0,10.0,,
mtcars_transmission,auxiliary_v014,plotnine mtcars,0,1,stratified,MaxVariance,native_or_local,32,,2,4,"7,8,5,0",1.0,1.0,1.0,6.64550007059006e-05,,10.0,10.0,,
mtcars_transmission,auxiliary_v014,plotnine mtcars,0,1,stratified,LaplacianScore-scikit-feature,scikit-feature:similarity_based/lap_score.py+upstream_default_W_workaround,32,,2,4,"7,1,2,3",0.875,0.8952380952380952,0.9090909090909092,0.0015733229993202,,10.0,10.0,,
mtcars_transmission,auxiliary_v014,plotnine mtcars,0,1,stratified,SPEC-scikit-feature,scikit-feature:similarity_based/SPEC.py,32,,2,4,"0,6,9,4",0.875,0.8952380952380952,0.9090909090909092,0.0014265530007833,,10.0,10.0,,
mtcars_transmission,auxiliary_v014,plotnine mtcars,0,1,stratified,MCFS-scikit-feature-k5,scikit-feature:sparse_learning_based/MCFS.py,32,,2,4,"6,1,2,3",0.875,0.8952380952380952,0.9090909090909092,0.0072481200004403,,10.0,10.0,,
mtcars_transmission,auxiliary_v014,plotnine mtcars,0,2,stratified,GSR-FS,native_or_local,32,,2,4,"1,7,8,3",0.8333333333333333,0.8,0.8,0.0049093280013039,,10.0,10.0,,
mtcars_transmission,auxiliary_v014,plotnine mtcars,0,2,stratified,MaxVariance,native_or_local,32,,2,4,"7,3,4,0",0.8333333333333333,0.8,0.8,0.0002449319999868,,10.0,10.0,,
mtcars_transmission,auxiliary_v014,plotnine mtcars,0,2,stratified,LaplacianScore-scikit-feature,scikit-feature:similarity_based/lap_score.py+upstream_default_W_workaround,32,,2,4,"1,3,7,2",0.75,0.696969696969697,0.7,0.0031079389991646,,10.0,10.0,,
mtcars_transmission,auxiliary_v014,plotnine mtcars,0,2,stratified,SPEC-scikit-feature,scikit-feature:similarity_based/SPEC.py,32,,2,4,"0,4,6,2",1.0,1.0,1.0,0.0018153550008719,,10.0,10.0,,
mtcars_transmission,auxiliary_v014,plotnine mtcars,0,2,stratified,MCFS-scikit-feature-k5,scikit-feature:sparse_learning_based/MCFS.py,32,,2,4,"8,7,6,9",0.9166666666666669,0.898989898989899,0.9,0.0340855640006338,,10.0,10.0,,
ologit_apply,auxiliary_v014,statsmodels UCLA ordinal logit,0,0,stratified,GSR-FS,native_or_local,400,,3,2,"2,1",0.3707403055229142,0.3127508761810675,0.3358208955223881,0.0406634289993235,,3.0,3.0,,
ologit_apply,auxiliary_v014,statsmodels UCLA ordinal logit,0,0,stratified,MaxVariance,native_or_local,400,,3,2,"0,1",0.4086229086229085,0.3089929613463882,0.4850746268656716,7.194899990281556e-05,,3.0,3.0,,
ologit_apply,auxiliary_v014,statsmodels UCLA ordinal logit,0,0,stratified,LaplacianScore-scikit-feature,scikit-feature:similarity_based/lap_score.py+upstream_default_W_workaround,400,,3,2,"0,1",0.4086229086229085,0.3089929613463882,0.4850746268656716,0.0041737840001587,,3.0,3.0,,
ologit_apply,auxiliary_v014,statsmodels UCLA ordinal logit,0,0,stratified,SPEC-scikit-feature,scikit-feature:similarity_based/SPEC.py,400,,3,2,"2,0",0.4153936545240893,0.3235930735930736,0.4552238805970149,0.0559455740003613,,3.0,3.0,,
ologit_apply,auxiliary_v014,statsmodels UCLA ordinal logit,0,0,stratified,MCFS-scikit-feature-k5,scikit-feature:sparse_learning_based/MCFS.py,400,,3,2,"2,1",0.3707403055229142,0.3127508761810675,0.3358208955223881,0.1578971359995193,,3.0,3.0,,
ologit_apply,auxiliary_v014,statsmodels UCLA ordinal logit,0,1,stratified,GSR-FS,native_or_local,400,,3,2,"2,1",0.376603965353601,0.257550239709864,0.3383458646616541,0.0242208650015527,,3.0,3.0,,
ologit_apply,auxiliary_v014,statsmodels UCLA ordinal logit,0,1,stratified,MaxVariance,native_or_local,400,,3,2,"0,1",0.3782929399367755,0.2966613672496025,0.518796992481203,8.849799996824004e-05,,3.0,3.0,,
ologit_apply,auxiliary_v014,statsmodels UCLA ordinal logit,0,1,stratified,LaplacianScore-scikit-feature,scikit-feature:similarity_based/lap_score.py+upstream_default_W_workaround,400,,3,2,"1,0",0.3782929399367755,0.2966613672496025,0.518796992481203,0.005541025999264,,3.0,3.0,,
ologit_apply,auxiliary_v014,statsmodels UCLA ordinal logit,0,1,stratified,SPEC-scikit-feature,scikit-feature:similarity_based/SPEC.py,400,,3,2,"2,1",0.376603965353601,0.257550239709864,0.3383458646616541,0.0957597220003663,,3.0,3.0,,
ologit_apply,auxiliary_v014,statsmodels UCLA ordinal logit,0,1,stratified,MCFS-scikit-feature-k5,scikit-feature:sparse_learning_based/MCFS.py,400,,3,2,"2,1",0.376603965353601,0.257550239709864,0.3383458646616541,0.1522073590003856,,3.0,3.0,,
ologit_apply,auxiliary_v014,statsmodels UCLA ordinal logit,0,2,stratified,GSR-FS,native_or_local,400,,3,2,"2,1",0.3390429642251268,0.3276564090517579,0.3834586466165413,0.0288469810002425,,3.0,3.0,,
ologit_apply,auxiliary_v014,statsmodels UCLA ordinal logit,0,2,stratified,MaxVariance,native_or_local,400,,3,2,"0,1",0.354594982400287,0.3369994945060792,0.4812030075187969,0.0001225320011144,,3.0,3.0,,
ologit_apply,auxiliary_v014,statsmodels UCLA ordinal logit,0,2,stratified,LaplacianScore-scikit-feature,scikit-feature:similarity_based/lap_score.py+upstream_default_W_workaround,400,,3,2,"1,0",0.354594982400287,0.3369994945060792,0.4812030075187969,0.0060399279991543,,3.0,3.0,,
ologit_apply,auxiliary_v014,statsmodels UCLA ordinal logit,0,2,stratified,SPEC-scikit-feature,scikit-feature:similarity_based/SPEC.py,400,,3,2,"2,0",0.373226016187252,0.3073825104609613,0.4285714285714285,0.0200405609994049,,3.0,3.0,,
ologit_apply,auxiliary_v014,statsmodels UCLA ordinal logit,0,2,stratified,MCFS-scikit-feature-k5,scikit-feature:sparse_learning_based/MCFS.py,400,,3,2,"0,2",0.373226016187252,0.3073825104609613,0.4285714285714285,0.1735435419996065,,3.0,3.0,,
penguins_species,auxiliary_v014,plotnine penguins,0,0,stratified,GSR-FS,native_or_local,344,,3,4,"5,2,0,3",0.9577693219387436,0.9516053457197572,0.9565217391304348,0.0804241279984125,,7.0,10.0,,
penguins_species,auxiliary_v014,plotnine penguins,0,0,stratified,MaxVariance,native_or_local,344,,3,4,"5,8,9,0",0.9658994032395568,0.9613740066649576,0.9652173913043478,8.933699973567855e-05,,7.0,10.0,,
penguins_species,auxiliary_v014,plotnine penguins,0,0,stratified,LaplacianScore-scikit-feature,scikit-feature:similarity_based/lap_score.py+upstream_default_W_workaround,344,,3,4,"6,8,9,5",0.7908496732026143,0.704055755119585,0.7217391304347827,0.0079985499996837,,7.0,10.0,,
penguins_species,auxiliary_v014,plotnine penguins,0,0,stratified,SPEC-scikit-feature,scikit-feature:similarity_based/SPEC.py,344,,3,4,"4,0,3,1",0.964305269651162,0.9582060057857636,0.9652173913043478,0.0240794040000764,,7.0,10.0,,
penguins_species,auxiliary_v014,plotnine penguins,0,0,stratified,MCFS-scikit-feature-k5,scikit-feature:sparse_learning_based/MCFS.py,344,,3,4,"8,5,3,0",0.9496392406379308,0.9467698821057186,0.9478260869565216,0.1108091630012495,,7.0,10.0,,
penguins_species,auxiliary_v014,plotnine penguins,0,1,stratified,GSR-FS,native_or_local,344,,3,4,"6,5,2,8",0.8795112247797668,0.848786717752235,0.8608695652173913,0.0603440329996374,,7.0,10.0,,
penguins_species,auxiliary_v014,plotnine penguins,0,1,stratified,MaxVariance,native_or_local,344,,3,4,"9,8,5,6",0.7712418300653594,0.6740129806227887,0.6956521739130435,8.361999971384648e-05,,7.0,10.0,,
penguins_species,auxiliary_v014,plotnine penguins,0,1,stratified,LaplacianScore-scikit-feature,scikit-feature:similarity_based/lap_score.py+upstream_default_W_workaround,344,,3,4,"7,5,6,8",0.7712418300653594,0.6740129806227887,0.6956521739130435,0.0040608409999549,,7.0,10.0,,
penguins_species,auxiliary_v014,plotnine penguins,0,1,stratified,SPEC-scikit-feature,scikit-feature:similarity_based/SPEC.py,344,,3,4,"4,0,1,2",0.9565217391304348,0.967220376522702,0.9739130434782608,0.0159306109999306,,7.0,10.0,,
penguins_species,auxiliary_v014,plotnine penguins,0,1,stratified,MCFS-scikit-feature-k5,scikit-feature:sparse_learning_based/MCFS.py,344,,3,4,"5,3,1,8",0.7712418300653594,0.6818377249554696,0.6956521739130435,0.0741398949994618,,7.0,10.0,,
penguins_species,auxiliary_v014,plotnine penguins,0,2,stratified,GSR-FS,native_or_local,344,,3,4,"3,8,5,0",1.0,1.0,1.0,0.0441113849992689,,7.0,10.0,,
penguins_species,auxiliary_v014,plotnine penguins,0,2,stratified,MaxVariance,native_or_local,344,,3,4,"7,4,1,0",0.992063492063492,0.9885765283355644,0.9912280701754386,9.27540004340699e-05,,7.0,10.0,,
penguins_species,auxiliary_v014,plotnine penguins,0,2,stratified,LaplacianScore-scikit-feature,scikit-feature:similarity_based/lap_score.py+upstream_default_W_workaround,344,,3,4,"6,7,5,8",0.7799999999999999,0.6895913873256667,0.7105263157894737,0.0036403639987838,,7.0,10.0,,
penguins_species,auxiliary_v014,plotnine penguins,0,2,stratified,SPEC-scikit-feature,scikit-feature:similarity_based/SPEC.py,344,,3,4,"4,0,3,2",0.9635786435786436,0.9597402597402596,0.9649122807017544,0.0995061439989513,,7.0,10.0,,
penguins_species,auxiliary_v014,plotnine penguins,0,2,stratified,MCFS-scikit-feature-k5,scikit-feature:sparse_learning_based/MCFS.py,344,,3,4,"7,0,8,6",0.9933333333333332,0.9927114280055456,0.9912280701754386,0.0277398749985877,,7.0,10.0,,
ships_type,auxiliary_v014,statsmodels ships,0,0,stratified,GSR-FS,native_or_local,40,,5,3,"2,1,0",0.1333333333333333,0.1666666666666666,0.1428571428571428,0.0052018240003235,,8.0,8.0,,
ships_type,auxiliary_v014,statsmodels ships,0,0,stratified,MaxVariance,native_or_local,40,,5,3,"3,1,2",0.2,0.2371428571428571,0.2142857142857142,6.634999954258092e-05,,8.0,8.0,,
ships_type,auxiliary_v014,statsmodels ships,0,0,stratified,LaplacianScore-scikit-feature,scikit-feature:similarity_based/lap_score.py+upstream_default_W_workaround,40,,5,3,"7,0,4",0.0,0.0,0.0,0.0017860110001493,,8.0,8.0,,
ships_type,auxiliary_v014,statsmodels ships,0,0,stratified,SPEC-scikit-feature,scikit-feature:similarity_based/SPEC.py,40,,5,3,"3,2,5",0.2,0.1971428571428571,0.2142857142857142,0.0016057610009738,,8.0,8.0,,
ships_type,auxiliary_v014,statsmodels ships,0,0,stratified,MCFS-scikit-feature-k5,scikit-feature:sparse_learning_based/MCFS.py,40,,5,3,"2,5,7",0.2,0.21,0.2142857142857142,0.0079814679993432,,8.0,8.0,,
ships_type,auxiliary_v014,statsmodels ships,0,1,stratified,GSR-FS,native_or_local,40,,5,3,"1,0,3",0.2,0.2,0.1538461538461538,0.0043312420002621,,8.0,8.0,,
ships_type,auxiliary_v014,statsmodels ships,0,1,stratified,MaxVariance,native_or_local,40,,5,3,"7,5,0",0.0,0.0,0.0,6.633799966948573e-05,,8.0,8.0,,
ships_type,auxiliary_v014,statsmodels ships,0,1,stratified,LaplacianScore-scikit-feature,scikit-feature:similarity_based/lap_score.py+upstream_default_W_workaround,40,,5,3,"7,0,6",0.0,0.0,0.0,0.0018015810001088,,8.0,8.0,,
ships_type,auxiliary_v014,statsmodels ships,0,1,stratified,SPEC-scikit-feature,scikit-feature:similarity_based/SPEC.py,40,,5,3,"3,2,5",0.2666666666666666,0.24,0.2307692307692307,0.0014208110005711,,8.0,8.0,,
ships_type,auxiliary_v014,statsmodels ships,0,1,stratified,MCFS-scikit-feature-k5,scikit-feature:sparse_learning_based/MCFS.py,40,,5,3,"1,6,4",0.0,0.0,0.0,0.0317963710003823,,8.0,8.0,,
ships_type,auxiliary_v014,statsmodels ships,0,2,stratified,GSR-FS,native_or_local,40,,5,3,"1,0,3",0.0666666666666666,0.1,0.0769230769230769,0.0043425870007922,,8.0,8.0,,
ships_type,auxiliary_v014,statsmodels ships,0,2,stratified,MaxVariance,native_or_local,40,,5,3,"1,7,6",0.0,0.0,0.0,6.763900091755204e-05,,8.0,8.0,,
ships_type,auxiliary_v014,statsmodels ships,0,2,stratified,LaplacianScore-scikit-feature,scikit-feature:similarity_based/lap_score.py+upstream_default_W_workaround,40,,5,3,"7,0,6",0.0666666666666666,0.0333333333333333,0.0769230769230769,0.0015977800012478,,8.0,8.0,,
ships_type,auxiliary_v014,statsmodels ships,0,2,stratified,SPEC-scikit-feature,scikit-feature:similarity_based/SPEC.py,40,,5,3,"3,2,5",0.2,0.2,0.2307692307692307,0.0014542389999405,,8.0,8.0,,
ships_type,auxiliary_v014,statsmodels ships,0,2,stratified,MCFS-scikit-feature-k5,scikit-feature:sparse_learning_based/MCFS.py,40,,5,3,"5,2,7",0.2,0.2,0.2307692307692307,0.006423288001315,,8.0,8.0,,
titanic_survived,auxiliary_v014,gradio bundled Titanic,0,0,stratified,GSR-FS,native_or_local,891,,2,4,"0,13,4,6",0.7986770204199023,0.781114693689544,0.7845117845117845,0.076832591999846,,10.0,14.0,,
titanic_survived,auxiliary_v014,gradio bundled Titanic,0,0,stratified,MaxVariance,native_or_local,891,,2,4,"2,12,13,1",0.5727638769053782,0.5724136189129116,0.6161616161616161,0.0001714549998723,,10.0,14.0,,
titanic_survived,auxiliary_v014,gradio bundled Titanic,0,0,stratified,LaplacianScore-scikit-feature,scikit-feature:similarity_based/lap_score.py+upstream_default_W_workaround,891,,2,4,"11,13,12,6",0.810468794938165,0.8173880964092475,0.8316498316498316,0.0514791170007811,,10.0,14.0,,
titanic_survived,auxiliary_v014,gradio bundled Titanic,0,0,stratified,SPEC-scikit-feature,scikit-feature:similarity_based/SPEC.py,891,,2,4,"8,5,1,4",0.6663790624101237,0.6712804528973983,0.7070707070707071,0.1750187950001418,,10.0,14.0,,
titanic_survived,auxiliary_v014,gradio bundled Titanic,0,0,stratified,MCFS-scikit-feature-k5,scikit-feature:sparse_learning_based/MCFS.py,891,,2,4,"12,0,1,2",0.6567443198159333,0.653450409570393,0.6666666666666666,0.2846932150005159,,10.0,14.0,,
titanic_survived,auxiliary_v014,gradio bundled Titanic,0,1,stratified,GSR-FS,native_or_local,891,,2,4,"6,4,0,13",0.7538107563991947,0.7344810196222262,0.7373737373737373,0.0787970159999531,,10.0,14.0,,
titanic_survived,auxiliary_v014,gradio bundled Titanic,0,1,stratified,MaxVariance,native_or_local,891,,2,4,"3,0,1,13",0.653940178314639,0.6541910237789434,0.6734006734006734,0.0001436480015399,,10.0,14.0,,
titanic_survived,auxiliary_v014,gradio bundled Titanic,0,1,stratified,LaplacianScore-scikit-feature,scikit-feature:similarity_based/lap_score.py+upstream_default_W_workaround,891,,2,4,"12,13,11,6",0.774949669255105,0.7754024175059118,0.7878787878787878,0.1181793359992298,,10.0,14.0,,
titanic_survived,auxiliary_v014,gradio bundled Titanic,0,1,stratified,SPEC-scikit-feature,scikit-feature:similarity_based/SPEC.py,891,,2,4,"8,5,1,2",0.4582973828012654,0.4343370215853437,0.4343434343434343,0.2863881969988142,,10.0,14.0,,
titanic_survived,auxiliary_v014,gradio bundled Titanic,0,1,stratified,MCFS-scikit-feature-k5,scikit-feature:sparse_learning_based/MCFS.py,891,,2,4,"11,6,12,1",0.774949669255105,0.7754024175059118,0.7878787878787878,0.2763808290001179,,10.0,14.0,,
titanic_survived,auxiliary_v014,gradio bundled Titanic,0,2,stratified,GSR-FS,native_or_local,891,,2,4,"4,13,0,6",0.7240437158469946,0.7232919254658385,0.7373737373737373,0.1089438300004985,,10.0,14.0,,
titanic_survived,auxiliary_v014,gradio bundled Titanic,0,2,stratified,MaxVariance,native_or_local,891,,2,4,"10,9,2,0",0.669758412424504,0.6726190476190477,0.696969696969697,0.0001373209997836,,10.0,14.0,,
titanic_survived,auxiliary_v014,gradio bundled Titanic,0,2,stratified,LaplacianScore-scikit-feature,scikit-feature:similarity_based/lap_score.py+upstream_default_W_workaround,891,,2,4,"11,13,6,7",0.7151998849582974,0.7193471191016751,0.7407407407407407,0.0538217930006794,,10.0,14.0,,
titanic_survived,auxiliary_v014,gradio bundled Titanic,0,2,stratified,SPEC-scikit-feature,scikit-feature:similarity_based/SPEC.py,891,,2,4,"8,5,1,2",0.4586568881219442,0.4536926331279315,0.4612794612794613,0.189696866000304,,10.0,14.0,,
titanic_survived,auxiliary_v014,gradio bundled Titanic,0,2,stratified,MCFS-scikit-feature-k5,scikit-feature:sparse_learning_based/MCFS.py,891,,2,4,"6,13,0,2",0.7240437158469946,0.7232919254658385,0.7373737373737373,0.2686250610004208,,10.0,14.0,,
digits,development_reused,scikit-learn bundled dataset,0,0,stratified,GSR-FS,native_or_local,1797,64.0,10,8,"58,14,13,10,5,27,34,43",0.7324179928651956,0.7325328672114612,0.7328881469115192,0.7348620060001849,,,,,
digits,development_reused,scikit-learn bundled dataset,0,0,stratified,MaxVariance,native_or_local,1797,64.0,10,8,"42,43,34,44,20,35,26,21",0.802452980233973,0.8024876454212796,0.8030050083472454,0.0015086949997566,,,,,
digits,development_reused,scikit-learn bundled dataset,0,1,stratified,GSR-FS,native_or_local,1797,64.0,10,8,"34,10,22,2,5,45,19,41",0.6908445992341423,0.6762680006254171,0.6928213689482471,0.4508166069999788,,,,,
digits,development_reused,scikit-learn bundled dataset,0,1,stratified,MaxVariance,native_or_local,1797,64.0,10,8,"42,43,35,34,44,21,26,28",0.8163833184824648,0.813687701883912,0.8163606010016694,0.0003572059995349,,,,,
digits,development_reused,scikit-learn bundled dataset,0,2,stratified,GSR-FS,native_or_local,1797,64.0,10,8,"61,58,5,44,37,3,43,28",0.7341410449262726,0.7288224220495325,0.7345575959933222,0.2873513859995,,,,,
digits,development_reused,scikit-learn bundled dataset,0,2,stratified,MaxVariance,native_or_local,1797,64.0,10,8,"42,43,34,44,35,21,26,28",0.760267730819225,0.7554376434372065,0.7595993322203672,0.0003395880003154,,,,,
openml3_kr_vs_kp,openml_fixture_extension_v014,,0,0,,GSR-FS,native_or_local,900,,2,9,"68,16,20,39,35,66,60,62,12",0.6004951157500334,0.6005594405594405,0.6033333333333334,0.6442087550003635,,36.0,72.0,3.0,/opt/pyvenv/lib/python3.13/site-packages/sklearn/datasets/tests/data/openml/id_3/data-v1-dl-3.arff.gz
openml3_kr_vs_kp,openml_fixture_extension_v014,,0,0,,MaxVariance,native_or_local,900,,2,9,"43,44,71,70,17,16,60,61,29",0.5903920781479994,0.5863725315780111,0.5866666666666667,0.0191369389995088,,36.0,72.0,3.0,/opt/pyvenv/lib/python3.13/site-packages/sklearn/datasets/tests/data/openml/id_3/data-v1-dl-3.arff.gz
openml3_kr_vs_kp,openml_fixture_extension_v014,,0,0,,LaplacianScore-scikit-feature,scikit-feature:similarity_based/lap_score.py+upstream_default_W_workaround,900,,2,9,"57,56,34,33,5,4,62,63,3",0.5583433694634016,0.477533960292581,0.5833333333333334,0.2193890899998223,,36.0,72.0,3.0,/opt/pyvenv/lib/python3.13/site-packages/sklearn/datasets/tests/data/openml/id_3/data-v1-dl-3.arff.gz
openml3_kr_vs_kp,openml_fixture_extension_v014,,0,0,,SPEC-scikit-feature,scikit-feature:similarity_based/SPEC.py,900,,2,9,"55,11,10,48,47,65,64,12,13",0.7347785360631607,0.7332266239829266,0.7333333333333333,0.3166886239996529,,36.0,72.0,3.0,/opt/pyvenv/lib/python3.13/site-packages/sklearn/datasets/tests/data/openml/id_3/data-v1-dl-3.arff.gz
openml3_kr_vs_kp,openml_fixture_extension_v014,,0,0,,MCFS-scikit-feature-k5,scikit-feature:sparse_learning_based/MCFS.py,900,,2,9,"4,53,58,21,63,68,22,70,5",0.5543289174361032,0.5328218243819267,0.5433333333333333,0.4395946499989804,,36.0,72.0,3.0,/opt/pyvenv/lib/python3.13/site-packages/sklearn/datasets/tests/data/openml/id_3/data-v1-dl-3.arff.gz
openml3_kr_vs_kp,openml_fixture_extension_v014,,0,1,,GSR-FS,native_or_local,900,,2,9,"20,47,67,69,61,0,29,12,35",0.6592399304161649,0.6566628518094646,0.6566666666666666,0.6172662460012361,,36.0,73.0,3.0,/opt/pyvenv/lib/python3.13/site-packages/sklearn/datasets/tests/data/openml/id_3/data-v1-dl-3.arff.gz
openml3_kr_vs_kp,openml_fixture_extension_v014,,0,1,,MaxVariance,native_or_local,900,,2,9,"6,7,23,22,30,71,72,20,21",0.6059815335206744,0.5670995670995671,0.59,0.0105662820005818,,36.0,73.0,3.0,/opt/pyvenv/lib/python3.13/site-packages/sklearn/datasets/tests/data/openml/id_3/data-v1-dl-3.arff.gz
openml3_kr_vs_kp,openml_fixture_extension_v014,,0,1,,LaplacianScore-scikit-feature,scikit-feature:similarity_based/lap_score.py+upstream_default_W_workaround,900,,2,9,"57,58,34,33,63,64,4,5,2",0.5756724207145725,0.503968253968254,0.6,0.1252649830003065,,36.0,73.0,3.0,/opt/pyvenv/lib/python3.13/site-packages/sklearn/datasets/tests/data/openml/id_3/data-v1-dl-3.arff.gz
openml3_kr_vs_kp,openml_fixture_extension_v014,,0,1,,SPEC-scikit-feature,scikit-feature:similarity_based/SPEC.py,900,,2,9,"10,11,48,47,65,66,24,25,8",0.6933627726482001,0.6938054486927848,0.6966666666666667,0.2605438390000927,,36.0,73.0,3.0,/opt/pyvenv/lib/python3.13/site-packages/sklearn/datasets/tests/data/openml/id_3/data-v1-dl-3.arff.gz
openml3_kr_vs_kp,openml_fixture_extension_v014,,0,1,,MCFS-scikit-feature-k5,scikit-feature:sparse_learning_based/MCFS.py,900,,2,9,"33,45,5,63,69,16,22,60,18",0.7357821490699853,0.7356949164178079,0.7433333333333333,0.4020290270000259,,36.0,73.0,3.0,/opt/pyvenv/lib/python3.13/site-packages/sklearn/datasets/tests/data/openml/id_3/data-v1-dl-3.arff.gz
openml3_kr_vs_kp,openml_fixture_extension_v014,,0,2,,GSR-FS,native_or_local,900,,2,9,"69,35,20,29,16,0,61,59,47",0.5915964137561889,0.5857645539174201,0.5866666666666667,0.6103137589998369,,36.0,73.0,3.0,/opt/pyvenv/lib/python3.13/site-packages/sklearn/datasets/tests/data/openml/id_3/data-v1-dl-3.arff.gz
openml3_kr_vs_kp,openml_fixture_extension_v014,,0,2,,MaxVariance,native_or_local,900,,2,9,"43,44,17,16,40,39,72,71,67",0.6028368794326241,0.6026936026936027,0.6066666666666667,0.0109520730002259,,36.0,73.0,3.0,/opt/pyvenv/lib/python3.13/site-packages/sklearn/datasets/tests/data/openml/id_3/data-v1-dl-3.arff.gz
openml3_kr_vs_kp,openml_fixture_extension_v014,,0,2,,LaplacianScore-scikit-feature,scikit-feature:similarity_based/lap_score.py+upstream_default_W_workaround,900,,2,9,"58,57,33,34,64,63,4,5,21",0.5564030509835407,0.4865246685503152,0.58,0.1326090570000815,,36.0,73.0,3.0,/opt/pyvenv/lib/python3.13/site-packages/sklearn/datasets/tests/data/openml/id_3/data-v1-dl-3.arff.gz
openml3_kr_vs_kp,openml_fixture_extension_v014,,0,2,,SPEC-scikit-feature,scikit-feature:similarity_based/SPEC.py,900,,2,9,"10,11,48,47,65,66,24,25,8",0.6846647932557206,0.6846709388668497,0.69,0.3348396469991712,,36.0,73.0,3.0,/opt/pyvenv/lib/python3.13/site-packages/sklearn/datasets/tests/data/openml/id_3/data-v1-dl-3.arff.gz
openml3_kr_vs_kp,openml_fixture_extension_v014,,0,2,,MCFS-scikit-feature-k5,scikit-feature:sparse_learning_based/MCFS.py,900,,2,9,"33,45,64,20,4,61,63,69,14",0.6413087113608993,0.6378269617706237,0.65,0.4243814799992833,,36.0,73.0,3.0,/opt/pyvenv/lib/python3.13/site-packages/sklearn/datasets/tests/data/openml/id_3/data-v1-dl-3.arff.gz
openml40675_glass2,openml_fixture_extension_v014,,0,0,,GSR-FS,native_or_local,163,,2,3,"4,3,5",0.6007957559681698,0.5998677248677249,0.6,0.0363153090002015,,9.0,9.0,40675.0,/opt/pyvenv/lib/python3.13/site-packages/sklearn/datasets/tests/data/openml/id_40675/data-v1-dl-4965250.arff.gz
openml40675_glass2,openml_fixture_extension_v014,,0,0,,MaxVariance,native_or_local,163,,2,3,"1,6,3",0.6545092838196287,0.6540880503144654,0.6545454545454545,0.0053547590014204,,9.0,9.0,40675.0,/opt/pyvenv/lib/python3.13/site-packages/sklearn/datasets/tests/data/openml/id_40675/data-v1-dl-4965250.arff.gz
openml40675_glass2,openml_fixture_extension_v014,,0,0,,LaplacianScore-scikit-feature,scikit-feature:similarity_based/lap_score.py+upstream_default_W_workaround,163,,2,3,"5,0,6",0.5358090185676392,0.519489247311828,0.5272727272727272,0.0080790680003701,,9.0,9.0,40675.0,/opt/pyvenv/lib/python3.13/site-packages/sklearn/datasets/tests/data/openml/id_40675/data-v1-dl-4965250.arff.gz
openml40675_glass2,openml_fixture_extension_v014,,0,0,,SPEC-scikit-feature,scikit-feature:similarity_based/SPEC.py,163,,2,3,"1,3,4",0.5988063660477454,0.5988063660477454,0.6,0.0768892410014814,,9.0,9.0,40675.0,/opt/pyvenv/lib/python3.13/site-packages/sklearn/datasets/tests/data/openml/id_40675/data-v1-dl-4965250.arff.gz
openml40675_glass2,openml_fixture_extension_v014,,0,0,,MCFS-scikit-feature-k5,scikit-feature:sparse_learning_based/MCFS.py,163,,2,3,"1,5,8",0.5470822281167109,0.5454545454545454,0.5454545454545454,0.0231583180011512,,9.0,9.0,40675.0,/opt/pyvenv/lib/python3.13/site-packages/sklearn/datasets/tests/data/openml/id_40675/data-v1-dl-4965250.arff.gz
openml40675_glass2,openml_fixture_extension_v014,,0,1,,GSR-FS,native_or_local,163,,2,3,"4,5,6",0.5213793103448277,0.5185185185185185,0.5185185185185185,0.0604866810008388,,9.0,9.0,40675.0,/opt/pyvenv/lib/python3.13/site-packages/sklearn/datasets/tests/data/openml/id_40675/data-v1-dl-4965250.arff.gz
openml40675_glass2,openml_fixture_extension_v014,,0,1,,MaxVariance,native_or_local,163,,2,3,"5,1,3",0.7048275862068966,0.7032967032967032,0.7037037037037037,0.0076590210010181,,9.0,9.0,40675.0,/opt/pyvenv/lib/python3.13/site-packages/sklearn/datasets/tests/data/openml/id_40675/data-v1-dl-4965250.arff.gz
openml40675_glass2,openml_fixture_extension_v014,,0,1,,LaplacianScore-scikit-feature,scikit-feature:similarity_based/lap_score.py+upstream_default_W_workaround,163,,2,3,"2,5,6",0.690344827586207,0.6850771869639793,0.6851851851851852,0.0081855879998329,,9.0,9.0,40675.0,/opt/pyvenv/lib/python3.13/site-packages/sklearn/datasets/tests/data/openml/id_40675/data-v1-dl-4965250.arff.gz
openml40675_glass2,openml_fixture_extension_v014,,0,1,,SPEC-scikit-feature,scikit-feature:similarity_based/SPEC.py,163,,2,3,"1,3,4",0.756551724137931,0.7571774472500865,0.7592592592592593,0.0122471199993015,,9.0,9.0,40675.0,/opt/pyvenv/lib/python3.13/site-packages/sklearn/datasets/tests/data/openml/id_40675/data-v1-dl-4965250.arff.gz
openml40675_glass2,openml_fixture_extension_v014,,0,1,,MCFS-scikit-feature-k5,scikit-feature:sparse_learning_based/MCFS.py,163,,2,3,"1,5,3",0.7048275862068966,0.7032967032967032,0.7037037037037037,0.0917285949999495,,9.0,9.0,40675.0,/opt/pyvenv/lib/python3.13/site-packages/sklearn/datasets/tests/data/openml/id_40675/data-v1-dl-4965250.arff.gz
openml40675_glass2,openml_fixture_extension_v014,,0,2,,GSR-FS,native_or_local,163,,2,3,"3,5,0",0.6620689655172414,0.6625,0.6666666666666666,0.0583549889997812,,9.0,9.0,40675.0,/opt/pyvenv/lib/python3.13/site-packages/sklearn/datasets/tests/data/openml/id_40675/data-v1-dl-4965250.arff.gz
openml40675_glass2,openml_fixture_extension_v014,,0,2,,MaxVariance,native_or_local,163,,2,3,"7,0,2",0.6765517241379311,0.6761904761904762,0.6851851851851852,0.0063953310000215,,9.0,9.0,40675.0,/opt/pyvenv/lib/python3.13/site-packages/sklearn/datasets/tests/data/openml/id_40675/data-v1-dl-4965250.arff.gz
openml40675_glass2,openml_fixture_extension_v014,,0,2,,LaplacianScore-scikit-feature,scikit-feature:similarity_based/lap_score.py+upstream_default_W_workaround,163,,2,3,"2,5,6",0.6075862068965517,0.6077481840193704,0.6111111111111112,0.0131390699989424,,9.0,9.0,40675.0,/opt/pyvenv/lib/python3.13/site-packages/sklearn/datasets/tests/data/openml/id_40675/data-v1-dl-4965250.arff.gz
openml40675_glass2,openml_fixture_extension_v014,,0,2,,SPEC-scikit-feature,scikit-feature:similarity_based/SPEC.py,163,,2,3,"3,1,4",0.6675862068965517,0.6662087912087913,0.6666666666666666,0.0310373320007784,,9.0,9.0,40675.0,/opt/pyvenv/lib/python3.13/site-packages/sklearn/datasets/tests/data/openml/id_40675/data-v1-dl-4965250.arff.gz
openml40675_glass2,openml_fixture_extension_v014,,0,2,,MCFS-scikit-feature-k5,scikit-feature:sparse_learning_based/MCFS.py,163,,2,3,"8,2,5",0.6448275862068966,0.6451054998270495,0.6481481481481481,0.1539961670005141,,9.0,9.0,40675.0,/opt/pyvenv/lib/python3.13/site-packages/sklearn/datasets/tests/data/openml/id_40675/data-v1-dl-4965250.arff.gz
openml62_zoo,openml_fixture_extension_v014,,0,0,,GSR-FS,native_or_local,101,,7,6,"15,1,29,0,7,11",0.8163265306122449,0.7561486132914705,0.8529411764705882,0.0785876460013241,,16.0,31.0,62.0,/opt/pyvenv/lib/python3.13/site-packages/sklearn/datasets/tests/data/openml/id_62/data-v1-dl-52352.arff.gz
openml62_zoo,openml_fixture_extension_v014,,0,0,,MaxVariance,native_or_local,101,,7,6,"27,28,15,16,17,13",0.5748299319727891,0.4619047619047619,0.5294117647058824,0.0174418829992646,,16.0,31.0,62.0,/opt/pyvenv/lib/python3.13/site-packages/sklearn/datasets/tests/data/openml/id_62/data-v1-dl-52352.arff.gz
openml62_zoo,openml_fixture_extension_v014,,0,0,,LaplacianScore-scikit-feature,scikit-feature:similarity_based/lap_score.py+upstream_default_W_workaround,101,,7,6,"7,8,6,5,15,16",0.4183673469387755,0.29503367003367,0.5882352941176471,0.0150257559998863,,16.0,31.0,62.0,/opt/pyvenv/lib/python3.13/site-packages/sklearn/datasets/tests/data/openml/id_62/data-v1-dl-52352.arff.gz
openml62_zoo,openml_fixture_extension_v014,,0,0,,SPEC-scikit-feature,scikit-feature:similarity_based/SPEC.py,101,,7,6,"0,14,13,29,30,25",0.4965986394557823,0.4682266009852217,0.6470588235294118,0.018951141000798,,16.0,31.0,62.0,/opt/pyvenv/lib/python3.13/site-packages/sklearn/datasets/tests/data/openml/id_62/data-v1-dl-52352.arff.gz
openml62_zoo,openml_fixture_extension_v014,,0,0,,MCFS-scikit-feature-k5,scikit-feature:sparse_learning_based/MCFS.py,101,,7,6,"7,24,28,13,4,19",0.7619047619047619,0.6795918367346939,0.8823529411764706,0.0384586729996954,,16.0,31.0,62.0,/opt/pyvenv/lib/python3.13/site-packages/sklearn/datasets/tests/data/openml/id_62/data-v1-dl-52352.arff.gz
openml62_zoo,openml_fixture_extension_v014,,0,1,,GSR-FS,native_or_local,101,,7,6,"29,5,15,13,11,1",0.6513605442176871,0.5436817151102865,0.6764705882352942,0.0736735090013098,,16.0,31.0,62.0,/opt/pyvenv/lib/python3.13/site-packages/sklearn/datasets/tests/data/openml/id_62/data-v1-dl-52352.arff.gz
openml62_zoo,openml_fixture_extension_v014,,0,1,,MaxVariance,native_or_local,101,,7,6,"18,17,25,26,15,16",0.5,0.2929971988795518,0.3529411764705882,0.0172144450007181,,16.0,31.0,62.0,/opt/pyvenv/lib/python3.13/site-packages/sklearn/datasets/tests/data/openml/id_62/data-v1-dl-52352.arff.gz
openml62_zoo,openml_fixture_extension_v014,,0,1,,LaplacianScore-scikit-feature,scikit-feature:similarity_based/lap_score.py+upstream_default_W_workaround,101,,7,6,"3,4,7,8,2,1",0.5714285714285714,0.4545454545454545,0.7352941176470589,0.0139242289988033,,16.0,31.0,62.0,/opt/pyvenv/lib/python3.13/site-packages/sklearn/datasets/tests/data/openml/id_62/data-v1-dl-52352.arff.gz
openml62_zoo,openml_fixture_extension_v014,,0,1,,SPEC-scikit-feature,scikit-feature:similarity_based/SPEC.py,101,,7,6,"0,14,13,29,30,12",0.5612244897959183,0.4314495028780743,0.5,0.0186518009995779,,16.0,31.0,62.0,/opt/pyvenv/lib/python3.13/site-packages/sklearn/datasets/tests/data/openml/id_62/data-v1-dl-52352.arff.gz
openml62_zoo,openml_fixture_extension_v014,,0,1,,MCFS-scikit-feature-k5,scikit-feature:sparse_learning_based/MCFS.py,101,,7,6,"28,13,7,3,1,25",0.6666666666666666,0.6421768707482993,0.8529411764705882,0.0538372570008505,,16.0,31.0,62.0,/opt/pyvenv/lib/python3.13/site-packages/sklearn/datasets/tests/data/openml/id_62/data-v1-dl-52352.arff.gz
openml62_zoo,openml_fixture_extension_v014,,0,2,,GSR-FS,native_or_local,101,,7,6,"29,15,1,13,5,11",0.4785714285714286,0.4523809523809524,0.696969696969697,0.0683449320004001,,16.0,31.0,62.0,/opt/pyvenv/lib/python3.13/site-packages/sklearn/datasets/tests/data/openml/id_62/data-v1-dl-52352.arff.gz
openml62_zoo,openml_fixture_extension_v014,,0,2,,MaxVariance,native_or_local,101,,7,6,"6,7,5,8,25,26",0.4285714285714285,0.2892857142857142,0.6060606060606061,0.0090745489997061,,16.0,31.0,62.0,/opt/pyvenv/lib/python3.13/site-packages/sklearn/datasets/tests/data/openml/id_62/data-v1-dl-52352.arff.gz
openml62_zoo,openml_fixture_extension_v014,,0,2,,LaplacianScore-scikit-feature,scikit-feature:similarity_based/lap_score.py+upstream_default_W_workaround,101,,7,6,"7,8,4,3,17,18",0.5714285714285714,0.4571428571428572,0.7575757575757576,0.0102502989993809,,16.0,31.0,62.0,/opt/pyvenv/lib/python3.13/site-packages/sklearn/datasets/tests/data/openml/id_62/data-v1-dl-52352.arff.gz
openml62_zoo,openml_fixture_extension_v014,,0,2,,SPEC-scikit-feature,scikit-feature:similarity_based/SPEC.py,101,,7,6,"0,14,13,29,30,12",0.4542124542124542,0.4184981684981685,0.6060606060606061,0.0255812800005514,,16.0,31.0,62.0,/opt/pyvenv/lib/python3.13/site-packages/sklearn/datasets/tests/data/openml/id_62/data-v1-dl-52352.arff.gz
openml62_zoo,openml_fixture_extension_v014,,0,2,,MCFS-scikit-feature-k5,scikit-feature:sparse_learning_based/MCFS.py,101,,7,6,"7,3,17,13,18,2",0.5285714285714286,0.4765306122448979,0.7575757575757576,0.0555830280009104,,16.0,31.0,62.0,/opt/pyvenv/lib/python3.13/site-packages/sklearn/datasets/tests/data/openml/id_62/data-v1-dl-52352.arff.gz
autos_symbol,gate_extension_v014,UCI Automobile via statsmodels bundled GAM reference data,0,0,stratified,GSR-FS,native_or_local,205,,6,9,"66,46,3,43,7,10,59,47,12",0.5180976430976431,0.499211168948011,0.391304347826087,0.8092110360012157,,25.0,69.0,,
autos_symbol,gate_extension_v014,UCI Automobile via statsmodels bundled GAM reference data,0,0,stratified,MaxVariance,native_or_local,205,,6,9,"15,16,18,22,23,24,62,25,51",0.3489057239057239,0.2661847730813247,0.2608695652173913,0.0002440270000079,,25.0,69.0,,
autos_symbol,gate_extension_v014,UCI Automobile via statsmodels bundled GAM reference data,0,0,stratified,LaplacianScore-scikit-feature,scikit-feature:similarity_based/lap_score.py+upstream_default_W_workaround,205,,6,9,"18,29,34,65,35,9,63,53,47",0.428030303030303,0.3006170075135592,0.3623188405797101,0.0194778410004801,,25.0,69.0,,
autos_symbol,gate_extension_v014,UCI Automobile via statsmodels bundled GAM reference data,0,0,stratified,SPEC-scikit-feature,scikit-feature:similarity_based/SPEC.py,205,,6,9,"14,5,10,0,11,13,3,1,12",0.6233164983164983,0.4969081199731354,0.4927536231884058,0.0751567510014865,,25.0,69.0,,
autos_symbol,gate_extension_v014,UCI Automobile via statsmodels bundled GAM reference data,0,0,stratified,MCFS-scikit-feature-k5,scikit-feature:sparse_learning_based/MCFS.py,205,,6,9,"15,35,24,52,58,9,34,31,2",0.5433501683501684,0.4263975021533161,0.4492753623188406,0.0275311059995146,,25.0,69.0,,
autos_symbol,gate_extension_v014,UCI Automobile via statsmodels bundled GAM reference data,0,1,stratified,GSR-FS,native_or_local,205,,6,9,"62,56,45,9,10,51,7,6,4",0.3602693602693603,0.3543660543660543,0.4558823529411764,0.7729717660004098,,25.0,65.0,,
autos_symbol,gate_extension_v014,UCI Automobile via statsmodels bundled GAM reference data,0,1,stratified,MaxVariance,native_or_local,205,,6,9,"18,55,39,54,64,40,48,47,41",0.3392255892255892,0.1393266624973942,0.1617647058823529,0.0001836289993661,,25.0,65.0,,
autos_symbol,gate_extension_v014,UCI Automobile via statsmodels bundled GAM reference data,0,1,stratified,LaplacianScore-scikit-feature,scikit-feature:similarity_based/lap_score.py+upstream_default_W_workaround,205,,6,9,"19,59,28,22,18,52,27,20,46",0.4006734006734007,0.2303629764065335,0.3235294117647059,0.0127019610008574,,25.0,65.0,,
autos_symbol,gate_extension_v014,UCI Automobile via statsmodels bundled GAM reference data,0,1,stratified,SPEC-scikit-feature,scikit-feature:similarity_based/SPEC.py,205,,6,9,"12,13,14,3,0,5,2,1,4",0.4961519961519962,0.5009498185968774,0.5441176470588235,0.0833500180015107,,25.0,65.0,,
autos_symbol,gate_extension_v014,UCI Automobile via statsmodels bundled GAM reference data,0,1,stratified,MCFS-scikit-feature-k5,scikit-feature:sparse_learning_based/MCFS.py,205,,6,9,"13,33,19,20,24,5,16,46,37",0.363035113035113,0.3482125173301644,0.4117647058823529,0.1033533770023495,,25.0,65.0,,
autos_symbol,gate_extension_v014,UCI Automobile via statsmodels bundled GAM reference data,0,2,stratified,GSR-FS,native_or_local,205,,6,9,"46,38,59,6,7,67,4,52,5",0.6271106510236945,0.5311998044556184,0.6029411764705882,0.6847995629977959,,25.0,70.0,,
autos_symbol,gate_extension_v014,UCI Automobile via statsmodels bundled GAM reference data,0,2,stratified,MaxVariance,native_or_local,205,,6,9,"24,69,62,21,36,37,49,48,38",0.2694156889809063,0.2220978081058726,0.2352941176470588,0.0001948549979715,,25.0,70.0,,
autos_symbol,gate_extension_v014,UCI Automobile via statsmodels bundled GAM reference data,0,2,stratified,LaplacianScore-scikit-feature,scikit-feature:similarity_based/lap_score.py+upstream_default_W_workaround,205,,6,9,"19,29,34,35,66,9,25,68,15",0.2293420749942489,0.298205729240212,0.3235294117647059,0.0180274349986575,,25.0,70.0,,
autos_symbol,gate_extension_v014,UCI Automobile via statsmodels bundled GAM reference data,0,2,stratified,SPEC-scikit-feature,scikit-feature:similarity_based/SPEC.py,205,,6,9,"14,13,12,5,11,3,1,4,10",0.4577639751552795,0.3250691480954639,0.3529411764705882,0.0962051749993406,,25.0,70.0,,
autos_symbol,gate_extension_v014,UCI Automobile via statsmodels bundled GAM reference data,0,2,stratified,MCFS-scikit-feature-k5,scikit-feature:sparse_learning_based/MCFS.py,205,,6,9,"9,29,25,24,5,31,15,34,58",0.3299861973775017,0.3194495980210265,0.4264705882352941,0.0870824119992903,,25.0,70.0,,
birthwt_low,gate_extension_v014,MASS/Hosmer-Lemeshow birthwt via statsmodels bundled Stata reference data,0,0,stratified,GSR-FS,native_or_local,189,,2,4,"9,2,8,1",0.5921052631578947,0.5462962962962963,0.5555555555555556,0.0693464670002868,,8.0,10.0,,
birthwt_low,gate_extension_v014,MASS/Hosmer-Lemeshow birthwt via statsmodels bundled Stata reference data,0,0,stratified,MaxVariance,native_or_local,189,,2,4,"4,2,5,9",0.5430622009569378,0.4998719590268886,0.5079365079365079,0.0001140489985118,,8.0,10.0,,
birthwt_low,gate_extension_v014,MASS/Hosmer-Lemeshow birthwt via statsmodels bundled Stata reference data,0,0,stratified,LaplacianScore-scikit-feature,scikit-feature:similarity_based/lap_score.py+upstream_default_W_workaround,189,,2,4,"8,9,4,7",0.4904306220095693,0.4626518480227449,0.4761904761904761,0.0068526030008797,,8.0,10.0,,
birthwt_low,gate_extension_v014,MASS/Hosmer-Lemeshow birthwt via statsmodels bundled Stata reference data,0,0,stratified,SPEC-scikit-feature,scikit-feature:similarity_based/SPEC.py,189,,2,4,"1,0,6,2",0.5849282296650717,0.5625,0.5873015873015873,0.0654391269999905,,8.0,10.0,,
birthwt_low,gate_extension_v014,MASS/Hosmer-Lemeshow birthwt via statsmodels bundled Stata reference data,0,0,stratified,MCFS-scikit-feature-k5,scikit-feature:sparse_learning_based/MCFS.py,189,,2,4,"8,7,4,3",0.5466507177033493,0.4888438133874239,0.492063492063492,0.1393048429999908,,8.0,10.0,,
birthwt_low,gate_extension_v014,MASS/Hosmer-Lemeshow birthwt via statsmodels bundled Stata reference data,0,1,stratified,GSR-FS,native_or_local,189,,2,4,"9,2,1,8",0.5988372093023255,0.5940039226674139,0.6349206349206349,0.0870760840007278,,8.0,10.0,,
birthwt_low,gate_extension_v014,MASS/Hosmer-Lemeshow birthwt via statsmodels bundled Stata reference data,0,1,stratified,MaxVariance,native_or_local,189,,2,4,"5,2,9,6",0.6203488372093023,0.6232057416267942,0.6825396825396826,0.0001080010006262,,8.0,10.0,,
birthwt_low,gate_extension_v014,MASS/Hosmer-Lemeshow birthwt via statsmodels bundled Stata reference data,0,1,stratified,LaplacianScore-scikit-feature,scikit-feature:similarity_based/lap_score.py+upstream_default_W_workaround,189,,2,4,"7,9,4,8",0.6058139534883721,0.5644046094750319,0.5714285714285714,0.0030896939970261,,8.0,10.0,,
birthwt_low,gate_extension_v014,MASS/Hosmer-Lemeshow birthwt via statsmodels bundled Stata reference data,0,1,stratified,SPEC-scikit-feature,scikit-feature:similarity_based/SPEC.py,189,,2,4,"1,0,6,2",0.5354651162790698,0.5358090185676393,0.6031746031746031,0.0060769129995605,,8.0,10.0,,
birthwt_low,gate_extension_v014,MASS/Hosmer-Lemeshow birthwt via statsmodels bundled Stata reference data,0,1,stratified,MCFS-scikit-feature-k5,scikit-feature:sparse_learning_based/MCFS.py,189,,2,4,"5,7,2,3",0.6087209302325581,0.6100795755968169,0.6666666666666666,0.1379481339972699,,8.0,10.0,,
birthwt_low,gate_extension_v014,MASS/Hosmer-Lemeshow birthwt via statsmodels bundled Stata reference data,0,2,stratified,GSR-FS,native_or_local,189,,2,4,"9,8,1,2",0.5093023255813953,0.4713958810068649,0.4761904761904761,0.0471301210018282,,8.0,10.0,,
birthwt_low,gate_extension_v014,MASS/Hosmer-Lemeshow birthwt via statsmodels bundled Stata reference data,0,2,stratified,MaxVariance,native_or_local,189,,2,4,"7,4,5,0",0.5686046511627907,0.5689149560117301,0.6666666666666666,8.35210012155585e-05,,8.0,10.0,,
birthwt_low,gate_extension_v014,MASS/Hosmer-Lemeshow birthwt via statsmodels bundled Stata reference data,0,2,stratified,LaplacianScore-scikit-feature,scikit-feature:similarity_based/lap_score.py+upstream_default_W_workaround,189,,2,4,"4,7,9,8",0.5622093023255814,0.5586999159428412,0.6031746031746031,0.0023992919996089,,8.0,10.0,,
birthwt_low,gate_extension_v014,MASS/Hosmer-Lemeshow birthwt via statsmodels bundled Stata reference data,0,2,stratified,SPEC-scikit-feature,scikit-feature:similarity_based/SPEC.py,189,,2,4,"1,0,6,2",0.5691860465116279,0.5321382842509603,0.5396825396825397,0.004984069000784,,8.0,10.0,,
birthwt_low,gate_extension_v014,MASS/Hosmer-Lemeshow birthwt via statsmodels bundled Stata reference data,0,2,stratified,MCFS-scikit-feature-k5,scikit-feature:sparse_learning_based/MCFS.py,189,,2,4,"5,7,4,2",0.5191860465116279,0.4952184026880331,0.5079365079365079,0.0824939529993571,,8.0,10.0,,
cattaneo_smoking,gate_extension_v014,Stata cattaneo2 / Cattaneo (2010) via statsmodels bundled treatment reference data,0,0,stratified,GSR-FS,native_or_local,600,,2,5,"5,19,17,21,13",0.6255773212294952,0.6025219298245614,0.71,0.1162702399997215,,20.0,23.0,,
cattaneo_smoking,gate_extension_v014,Stata cattaneo2 / Cattaneo (2010) via statsmodels bundled treatment reference data,0,0,stratified,MaxVariance,native_or_local,600,,2,5,"21,22,8,5,9",0.6224717311673833,0.5985165526861964,0.705,0.0001483430023654,,20.0,23.0,,
cattaneo_smoking,gate_extension_v014,Stata cattaneo2 / Cattaneo (2010) via statsmodels bundled treatment reference data,0,0,stratified,LaplacianScore-scikit-feature,scikit-feature:similarity_based/lap_score.py+upstream_default_W_workaround,600,,2,5,"18,17,21,22,19",0.6255773212294952,0.6025219298245614,0.71,0.0309083880019898,,20.0,23.0,,
cattaneo_smoking,gate_extension_v014,Stata cattaneo2 / Cattaneo (2010) via statsmodels bundled treatment reference data,0,0,stratified,SPEC-scikit-feature,scikit-feature:similarity_based/SPEC.py,600,,2,5,"9,15,6,8,7",0.6356903965599618,0.6011898924520284,0.695,0.1688844130003417,,20.0,23.0,,
cattaneo_smoking,gate_extension_v014,Stata cattaneo2 / Cattaneo (2010) via statsmodels bundled treatment reference data,0,0,stratified,MCFS-scikit-feature-k5,scikit-feature:sparse_learning_based/MCFS.py,600,,2,5,"17,19,4,18,21",0.6255773212294952,0.6025219298245614,0.71,0.2280088109982898,,20.0,23.0,,
cattaneo_smoking,gate_extension_v014,Stata cattaneo2 / Cattaneo (2010) via statsmodels bundled treatment reference data,0,1,stratified,GSR-FS,native_or_local,600,,2,5,"17,19,5,9,22",0.6865742952699474,0.6446900908014213,0.73,0.131666231998679,,20.0,23.0,,
cattaneo_smoking,gate_extension_v014,Stata cattaneo2 / Cattaneo (2010) via statsmodels bundled treatment reference data,0,1,stratified,MaxVariance,native_or_local,600,,2,5,"13,1,8,2,9",0.6123586558369167,0.5985663082437276,0.72,0.0001746150010148,,20.0,23.0,,
cattaneo_smoking,gate_extension_v014,Stata cattaneo2 / Cattaneo (2010) via statsmodels bundled treatment reference data,0,1,stratified,LaplacianScore-scikit-feature,scikit-feature:similarity_based/lap_score.py+upstream_default_W_workaround,600,,2,5,"19,20,0,18,17",0.6861761426978819,0.6529549862202715,0.745,0.0649133000006259,,20.0,23.0,,
cattaneo_smoking,gate_extension_v014,Stata cattaneo2 / Cattaneo (2010) via statsmodels bundled treatment reference data,0,1,stratified,SPEC-scikit-feature,scikit-feature:similarity_based/SPEC.py,600,,2,5,"9,15,6,8,7",0.6788501353718746,0.5985454545454546,0.655,0.1601039820016012,,20.0,23.0,,
cattaneo_smoking,gate_extension_v014,Stata cattaneo2 / Cattaneo (2010) via statsmodels bundled treatment reference data,0,1,stratified,MCFS-scikit-feature-k5,scikit-feature:sparse_learning_based/MCFS.py,600,,2,5,"4,22,0,21,1",0.6027233635929288,0.5366000171629624,0.595,0.2276152199992793,,20.0,23.0,,
cattaneo_smoking,gate_extension_v014,Stata cattaneo2 / Cattaneo (2010) via statsmodels bundled treatment reference data,0,2,stratified,GSR-FS,native_or_local,600,,2,5,"5,19,17,21,7",0.648112756808409,0.6174368267391523,0.715,0.1146555640007136,,20.0,23.0,,
cattaneo_smoking,gate_extension_v014,Stata cattaneo2 / Cattaneo (2010) via statsmodels bundled treatment reference data,0,2,stratified,MaxVariance,native_or_local,600,,2,5,"1,3,8,0,21",0.6601369644847905,0.6415770609318996,0.75,0.0001668210024945,,20.0,23.0,,
cattaneo_smoking,gate_extension_v014,Stata cattaneo2 / Cattaneo (2010) via statsmodels bundled treatment reference data,0,2,stratified,LaplacianScore-scikit-feature,scikit-feature:similarity_based/lap_score.py+upstream_default_W_workaround,600,,2,5,"1,17,18,3,19",0.6733556298773691,0.643640350877193,0.74,0.0326418780023232,,20.0,23.0,,
cattaneo_smoking,gate_extension_v014,Stata cattaneo2 / Cattaneo (2010) via statsmodels bundled treatment reference data,0,2,stratified,SPEC-scikit-feature,scikit-feature:similarity_based/SPEC.py,600,,2,5,"9,15,6,8,7",0.6131549609810479,0.5866666666666667,0.69,0.1181277420000697,,20.0,23.0,,
cattaneo_smoking,gate_extension_v014,Stata cattaneo2 / Cattaneo (2010) via statsmodels bundled treatment reference data,0,2,stratified,MCFS-scikit-feature-k5,scikit-feature:sparse_learning_based/MCFS.py,600,,2,5,"3,21,17,0,19",0.6733556298773691,0.643640350877193,0.74,0.1333199820001027,,20.0,23.0,,
epil_treatment,gate_extension_v014,MASS epil / Thall & Vail epilepsy trial via statsmodels bundled GEE reference data,0,0,stratified_group,GSR-FS,native_or_local,236,,2,3,"5,4,6",0.45,0.4486215538847117,0.45,0.048604545998387,,7.0,7.0,,
epil_treatment,gate_extension_v014,MASS epil / Thall & Vail epilepsy trial via statsmodels bundled GEE reference data,0,0,stratified_group,MaxVariance,native_or_local,236,,2,3,"6,0,4",0.525,0.5223130106851037,0.525,8.35899991216138e-05,,7.0,7.0,,
epil_treatment,gate_extension_v014,MASS epil / Thall & Vail epilepsy trial via statsmodels bundled GEE reference data,0,0,stratified_group,LaplacianScore-scikit-feature,scikit-feature:similarity_based/lap_score.py+upstream_default_W_workaround,236,,2,3,"3,5,4",0.35,0.3350383631713555,0.35,0.0071301130010397,,7.0,7.0,,
epil_treatment,gate_extension_v014,MASS epil / Thall & Vail epilepsy trial via statsmodels bundled GEE reference data,0,0,stratified_group,SPEC-scikit-feature,scikit-feature:similarity_based/SPEC.py,236,,2,3,"5,0,4",0.4,0.3680052666227781,0.4,0.0246835639991331,,7.0,7.0,,
epil_treatment,gate_extension_v014,MASS epil / Thall & Vail epilepsy trial via statsmodels bundled GEE reference data,0,0,stratified_group,MCFS-scikit-feature-k5,scikit-feature:sparse_learning_based/MCFS.py,236,,2,3,"3,5,6",0.45,0.4486215538847117,0.45,0.053319137001381,,7.0,7.0,,
epil_treatment,gate_extension_v014,MASS epil / Thall & Vail epilepsy trial via statsmodels bundled GEE reference data,0,1,stratified_group,GSR-FS,native_or_local,236,,2,3,"5,4,2",0.3383838383838383,0.3350383631713555,0.35,0.0544822060001024,,7.0,7.0,,
epil_treatment,gate_extension_v014,MASS epil / Thall & Vail epilepsy trial via statsmodels bundled GEE reference data,0,1,stratified_group,MaxVariance,native_or_local,236,,2,3,"1,6,5",0.3939393939393939,0.3939393939393939,0.4,0.0001061190014297,,7.0,7.0,,
epil_treatment,gate_extension_v014,MASS epil / Thall & Vail epilepsy trial via statsmodels bundled GEE reference data,0,1,stratified_group,LaplacianScore-scikit-feature,scikit-feature:similarity_based/lap_score.py+upstream_default_W_workaround,236,,2,3,"3,5,4",0.5303030303030303,0.52,0.55,0.0030638089992862,,7.0,7.0,,
epil_treatment,gate_extension_v014,MASS epil / Thall & Vail epilepsy trial via statsmodels bundled GEE reference data,0,1,stratified_group,SPEC-scikit-feature,scikit-feature:similarity_based/SPEC.py,236,,2,3,"0,4,5",0.4482323232323232,0.442914979757085,0.4625,0.0082814980014518,,7.0,7.0,,
epil_treatment,gate_extension_v014,MASS epil / Thall & Vail epilepsy trial via statsmodels bundled GEE reference data,0,1,stratified_group,MCFS-scikit-feature-k5,scikit-feature:sparse_learning_based/MCFS.py,236,,2,3,"3,5,4",0.5303030303030303,0.52,0.55,0.0548363350026193,,7.0,7.0,,
epil_treatment,gate_extension_v014,MASS epil / Thall & Vail epilepsy trial via statsmodels bundled GEE reference data,0,2,stratified_group,GSR-FS,native_or_local,236,,2,3,"5,6,4",0.3222222222222222,0.3081232492997199,0.3157894736842105,0.0373549200012348,,7.0,7.0,,
epil_treatment,gate_extension_v014,MASS epil / Thall & Vail epilepsy trial via statsmodels bundled GEE reference data,0,2,stratified_group,MaxVariance,native_or_local,236,,2,3,"5,0,4",0.3347222222222222,0.323205866946045,0.3289473684210526,7.469300180673599e-05,,7.0,7.0,,
epil_treatment,gate_extension_v014,MASS epil / Thall & Vail epilepsy trial via statsmodels bundled GEE reference data,0,2,stratified_group,LaplacianScore-scikit-feature,scikit-feature:similarity_based/lap_score.py+upstream_default_W_workaround,236,,2,3,"3,4,5",0.3722222222222222,0.3666666666666667,0.3684210526315789,0.0062404230011452,,7.0,7.0,,
epil_treatment,gate_extension_v014,MASS epil / Thall & Vail epilepsy trial via statsmodels bundled GEE reference data,0,2,stratified_group,SPEC-scikit-feature,scikit-feature:similarity_based/SPEC.py,236,,2,3,"5,0,4",0.3347222222222222,0.323205866946045,0.3289473684210526,0.0451653320014884,,7.0,7.0,,
epil_treatment,gate_extension_v014,MASS epil / Thall & Vail epilepsy trial via statsmodels bundled GEE reference data,0,2,stratified_group,MCFS-scikit-feature-k5,scikit-feature:sparse_learning_based/MCFS.py,236,,2,3,"6,1,4",0.2722222222222222,0.2443181818181818,0.2631578947368421,0.0528028859989717,,7.0,7.0,,
framing_congress_message,gate_extension_v014,"Brader, Valentino & Suhay (2008) framing experiment via statsmodels mediation reference data",0,0,stratified,GSR-FS,native_or_local,265,,2,4,"8,0,5,1",0.6223163841807909,0.6147186147186148,0.6404494382022472,0.0466906889996607,,6.0,10.0,,
framing_congress_message,gate_extension_v014,"Brader, Valentino & Suhay (2008) framing experiment via statsmodels mediation reference data",0,0,stratified,MaxVariance,native_or_local,265,,2,4,"6,3,0,2",0.6392655367231639,0.634046052631579,0.6629213483146067,0.0001218559991684,,6.0,10.0,,
framing_congress_message,gate_extension_v014,"Brader, Valentino & Suhay (2008) framing experiment via statsmodels mediation reference data",0,0,stratified,LaplacianScore-scikit-feature,scikit-feature:similarity_based/lap_score.py+upstream_default_W_workaround,265,,2,4,"6,7,4,5",0.6387005649717514,0.6232804232804232,0.6404494382022472,0.0061605620030604,,6.0,10.0,,
framing_congress_message,gate_extension_v014,"Brader, Valentino & Suhay (2008) framing experiment via statsmodels mediation reference data",0,0,stratified,SPEC-scikit-feature,scikit-feature:similarity_based/SPEC.py,265,,2,4,"3,0,2,1",0.6641242937853107,0.6529514589216081,0.6741573033707865,0.0512978299993847,,6.0,10.0,,
framing_congress_message,gate_extension_v014,"Brader, Valentino & Suhay (2008) framing experiment via statsmodels mediation reference data",0,0,stratified,MCFS-scikit-feature-k5,scikit-feature:sparse_learning_based/MCFS.py,265,,2,4,"6,7,8,5",0.6290960451977401,0.5823715916296766,0.5842696629213483,0.0713696499988145,,6.0,10.0,,
framing_congress_message,gate_extension_v014,"Brader, Valentino & Suhay (2008) framing experiment via statsmodels mediation reference data",0,1,stratified,GSR-FS,native_or_local,265,,2,4,"8,5,0,1",0.6665692577440093,0.6505545666164589,0.6704545454545454,0.058026634997077,,6.0,10.0,,
framing_congress_message,gate_extension_v014,"Brader, Valentino & Suhay (2008) framing experiment via statsmodels mediation reference data",0,1,stratified,MaxVariance,native_or_local,265,,2,4,"0,8,9,2",0.7267679719462303,0.7020181498036029,0.7159090909090909,9.248800051864237e-05,,6.0,10.0,,
framing_congress_message,gate_extension_v014,"Brader, Valentino & Suhay (2008) framing experiment via statsmodels mediation reference data",0,1,stratified,LaplacianScore-scikit-feature,scikit-feature:similarity_based/lap_score.py+upstream_default_W_workaround,265,,2,4,"6,4,7,5",0.5718877849210988,0.567354965585054,0.6022727272727273,0.0028025760002492,,6.0,10.0,,
framing_congress_message,gate_extension_v014,"Brader, Valentino & Suhay (2008) framing experiment via statsmodels mediation reference data",0,1,stratified,SPEC-scikit-feature,scikit-feature:similarity_based/SPEC.py,265,,2,4,"3,2,0,1",0.6239041496201052,0.6066639577407558,0.625,0.0321029430015187,,6.0,10.0,,
framing_congress_message,gate_extension_v014,"Brader, Valentino & Suhay (2008) framing experiment via statsmodels mediation reference data",0,1,stratified,MCFS-scikit-feature-k5,scikit-feature:sparse_learning_based/MCFS.py,265,,2,4,"6,4,8,7",0.5902980713033315,0.56,0.5681818181818182,0.0486554310009523,,6.0,10.0,,
framing_congress_message,gate_extension_v014,"Brader, Valentino & Suhay (2008) framing experiment via statsmodels mediation reference data",0,2,stratified,GSR-FS,native_or_local,265,,2,4,"8,4,0,2",0.7180011689070719,0.6987539367383268,0.7159090909090909,0.0350266589994134,,6.0,10.0,,
framing_congress_message,gate_extension_v014,"Brader, Valentino & Suhay (2008) framing experiment via statsmodels mediation reference data",0,2,stratified,MaxVariance,native_or_local,265,,2,4,"3,5,2,8",0.6674459380479252,0.6294736842105264,0.6363636363636364,8.45200011099223e-05,,6.0,10.0,,
framing_congress_message,gate_extension_v014,"Brader, Valentino & Suhay (2008) framing experiment via statsmodels mediation reference data",0,2,stratified,LaplacianScore-scikit-feature,scikit-feature:similarity_based/lap_score.py+upstream_default_W_workaround,265,,2,4,"6,7,4,5",0.537989479836353,0.5300561413117897,0.5568181818181818,0.0029775259972666,,6.0,10.0,,
framing_congress_message,gate_extension_v014,"Brader, Valentino & Suhay (2008) framing experiment via statsmodels mediation reference data",0,2,stratified,SPEC-scikit-feature,scikit-feature:similarity_based/SPEC.py,265,,2,4,"3,2,0,1",0.6925774400935125,0.6679245283018868,0.6818181818181818,0.0072370169982605,,6.0,10.0,,
framing_congress_message,gate_extension_v014,"Brader, Valentino & Suhay (2008) framing experiment via statsmodels mediation reference data",0,2,stratified,MCFS-scikit-feature-k5,scikit-feature:sparse_learning_based/MCFS.py,265,,2,4,"6,7,5,8",0.537989479836353,0.5300561413117897,0.5568181818181818,0.1283092150006268,,6.0,10.0,,
gapminder_year,gate_extension_v014,Gapminder Five Year data bundled with Plotly,0,0,stratified_group,GSR-FS,native_or_local,720,,12,3,"0,2,6",0.1208333333333333,0.0744298274360087,0.1208333333333333,0.0463523429971246,,4.0,7.0,,
gapminder_year,gate_extension_v014,Gapminder Five Year data bundled with Plotly,0,0,stratified_group,MaxVariance,native_or_local,720,,12,3,"4,0,2",0.125,0.0761326879072322,0.125,0.0002633269978105,,4.0,7.0,,
gapminder_year,gate_extension_v014,Gapminder Five Year data bundled with Plotly,0,0,stratified_group,LaplacianScore-scikit-feature,scikit-feature:similarity_based/lap_score.py+upstream_default_W_workaround,720,,12,3,"3,4,5",0.0833333333333333,0.0128205128205128,0.0833333333333333,0.0858857210005226,,4.0,7.0,,
gapminder_year,gate_extension_v014,Gapminder Five Year data bundled with Plotly,0,0,stratified_group,SPEC-scikit-feature,scikit-feature:similarity_based/SPEC.py,720,,12,3,"2,1,0",0.1291666666666666,0.0845650069793894,0.1291666666666666,0.2070916749980824,,4.0,7.0,,
gapminder_year,gate_extension_v014,Gapminder Five Year data bundled with Plotly,0,0,stratified_group,MCFS-scikit-feature-k5,scikit-feature:sparse_learning_based/MCFS.py,720,,12,3,"2,1,3",0.1208333333333333,0.0479331978053205,0.1208333333333333,0.2796415239972702,,4.0,7.0,,
gapminder_year,gate_extension_v014,Gapminder Five Year data bundled with Plotly,0,1,stratified_group,GSR-FS,native_or_local,720,,12,3,"0,3,2",0.1458333333333333,0.1179589535859165,0.1458333333333333,0.0756821089998993,,4.0,7.0,,
gapminder_year,gate_extension_v014,Gapminder Five Year data bundled with Plotly,0,1,stratified_group,MaxVariance,native_or_local,720,,12,3,"4,0,1",0.0958333333333333,0.0447551823956318,0.0958333333333333,0.0001070840007741,,4.0,7.0,,
gapminder_year,gate_extension_v014,Gapminder Five Year data bundled with Plotly,0,1,stratified_group,LaplacianScore-scikit-feature,scikit-feature:similarity_based/lap_score.py+upstream_default_W_workaround,720,,12,3,"3,4,6",0.0833333333333333,0.0128205128205128,0.0833333333333333,0.0906531910004559,,4.0,7.0,,
gapminder_year,gate_extension_v014,Gapminder Five Year data bundled with Plotly,0,1,stratified_group,SPEC-scikit-feature,scikit-feature:similarity_based/SPEC.py,720,,12,3,"1,2,0",0.0958333333333333,0.0533308305631344,0.0958333333333333,0.1676821799992467,,4.0,7.0,,
gapminder_year,gate_extension_v014,Gapminder Five Year data bundled with Plotly,0,1,stratified_group,MCFS-scikit-feature-k5,scikit-feature:sparse_learning_based/MCFS.py,720,,12,3,"1,5,2",0.1125,0.0672112392606984,0.1125,0.2944028259989864,,4.0,7.0,,
gapminder_year,gate_extension_v014,Gapminder Five Year data bundled with Plotly,0,2,stratified_group,GSR-FS,native_or_local,720,,12,3,"0,2,3",0.1458333333333333,0.1170370602661884,0.1458333333333333,0.0519342689985933,,4.0,7.0,,
gapminder_year,gate_extension_v014,Gapminder Five Year data bundled with Plotly,0,2,stratified_group,MaxVariance,native_or_local,720,,12,3,"4,1,2",0.1291666666666666,0.0912919509587264,0.1291666666666666,0.0001293860004807,,4.0,7.0,,
gapminder_year,gate_extension_v014,Gapminder Five Year data bundled with Plotly,0,2,stratified_group,LaplacianScore-scikit-feature,scikit-feature:similarity_based/lap_score.py+upstream_default_W_workaround,720,,12,3,"6,5,3",0.0833333333333333,0.0128205128205128,0.0833333333333333,0.1229948200016224,,4.0,7.0,,
gapminder_year,gate_extension_v014,Gapminder Five Year data bundled with Plotly,0,2,stratified_group,SPEC-scikit-feature,scikit-feature:similarity_based/SPEC.py,720,,12,3,"1,2,0",0.1458333333333333,0.1086558758744965,0.1458333333333333,0.1251129849988501,,4.0,7.0,,
gapminder_year,gate_extension_v014,Gapminder Five Year data bundled with Plotly,0,2,stratified_group,MCFS-scikit-feature-k5,scikit-feature:sparse_learning_based/MCFS.py,720,,12,3,"1,4,0",0.1333333333333333,0.0751883250839914,0.1333333333333333,0.2539148149990069,,4.0,7.0,,
midwest_state,gate_extension_v014,Midwest county demographics bundled with plotnine,0,0,stratified,GSR-FS,native_or_local,437,,5,5,"6,4,19,16,7",0.3248009771205479,0.296999531999532,0.3219178082191781,0.1095112189977953,,23.0,23.0,,
midwest_state,gate_extension_v014,Midwest county demographics bundled with plotnine,0,0,stratified,MaxVariance,native_or_local,437,,5,5,"5,9,21,17,7",0.4743440424000523,0.4796293802351602,0.4726027397260274,0.0001097290005418,,23.0,23.0,,
midwest_state,gate_extension_v014,Midwest county demographics bundled with plotnine,0,0,stratified,LaplacianScore-scikit-feature,scikit-feature:similarity_based/lap_score.py+upstream_default_W_workaround,437,,5,5,"14,3,15,21,20",0.3265396815010765,0.3162378778712716,0.3287671232876712,0.0438285259988333,,23.0,23.0,,
midwest_state,gate_extension_v014,Midwest county demographics bundled with plotnine,0,0,stratified,SPEC-scikit-feature,scikit-feature:similarity_based/SPEC.py,437,,5,5,"0,14,22,15,16",0.4909966878853877,0.4759150037358992,0.4863013698630137,0.1276552119998086,,23.0,23.0,,
midwest_state,gate_extension_v014,Midwest county demographics bundled with plotnine,0,0,stratified,MCFS-scikit-feature-k5,scikit-feature:sparse_learning_based/MCFS.py,437,,5,5,"18,22,21,8,16",0.379029843305509,0.3565438808373591,0.3767123287671233,0.1634050480024598,,23.0,23.0,,
midwest_state,gate_extension_v014,Midwest county demographics bundled with plotnine,0,1,stratified,GSR-FS,native_or_local,437,,5,5,"6,5,4,16,7",0.3863598987982289,0.3693051117273955,0.3972602739726027,0.1227465249976376,,23.0,23.0,,
midwest_state,gate_extension_v014,Midwest county demographics bundled with plotnine,0,1,stratified,MaxVariance,native_or_local,437,,5,5,"3,19,9,4,11",0.319726614660201,0.2942782908512065,0.3150684931506849,0.0001089580000552,,23.0,23.0,,
midwest_state,gate_extension_v014,Midwest county demographics bundled with plotnine,0,1,stratified,LaplacianScore-scikit-feature,scikit-feature:similarity_based/lap_score.py+upstream_default_W_workaround,437,,5,5,"19,20,14,21,15",0.3527117155105769,0.3301321601986053,0.3561643835616438,0.0171252510008343,,23.0,23.0,,
midwest_state,gate_extension_v014,Midwest county demographics bundled with plotnine,0,1,stratified,SPEC-scikit-feature,scikit-feature:similarity_based/SPEC.py,437,,5,5,"0,14,22,15,18",0.401273807013845,0.3621911819354275,0.3904109589041096,0.039441357999749,,23.0,23.0,,
midwest_state,gate_extension_v014,Midwest county demographics bundled with plotnine,0,1,stratified,MCFS-scikit-feature-k5,scikit-feature:sparse_learning_based/MCFS.py,437,,5,5,"19,9,10,8,22",0.4288772928526249,0.4191925045880421,0.4315068493150685,0.0363989580000634,,23.0,23.0,,
midwest_state,gate_extension_v014,Midwest county demographics bundled with plotnine,0,2,stratified,GSR-FS,native_or_local,437,,5,5,"7,19,16,4,5",0.3567304163044528,0.3548505749628047,0.3586206896551724,0.0987147199994069,,23.0,23.0,,
midwest_state,gate_extension_v014,Midwest county demographics bundled with plotnine,0,2,stratified,MaxVariance,native_or_local,437,,5,5,"10,21,13,7,5",0.4027190186419395,0.4034819347319347,0.4068965517241379,0.0001025240017042,,23.0,23.0,,
midwest_state,gate_extension_v014,Midwest county demographics bundled with plotnine,0,2,stratified,LaplacianScore-scikit-feature,scikit-feature:similarity_based/lap_score.py+upstream_default_W_workaround,437,,5,5,"14,15,22,9,21",0.3689317106152806,0.3364902641218431,0.3586206896551724,0.0050280119976378,,23.0,23.0,,
midwest_state,gate_extension_v014,Midwest county demographics bundled with plotnine,0,2,stratified,SPEC-scikit-feature,scikit-feature:similarity_based/SPEC.py,437,,5,5,"0,18,14,22,15",0.3345387810296533,0.3251846193022664,0.3241379310344827,0.1137762700018356,,23.0,23.0,,
midwest_state,gate_extension_v014,Midwest county demographics bundled with plotnine,0,2,stratified,MCFS-scikit-feature-k5,scikit-feature:sparse_learning_based/MCFS.py,437,,5,5,"21,9,12,22,18",0.2797034675939341,0.2484330646408243,0.2689655172413793,0.1721381690003909,,23.0,23.0,,
